"","Tokyo","Delhi","Shanghai","Sao Paulo","Mexico City","Cairo","Mumbai","Beijing","Dhaka","Osaka","New York City","Karachi","Buenos Aires","Chongqing","Istanbul","Kolkata","Manila","Lagos","Rio de Janeiro","Tianjin","Kinshasa","Guangzhou","Los Angeles","Moscow","Shenzhen","Lahore","Bangalore","Paris","Bogota","Jakarta","Chennai","Lima","Bangkok","Seoul","Nagoya","Hyderabad","London","Tehran","Chicago","Chengdu","Nanjing","Wuhan","Ho Chi Minh City","Luanda","Ahmedabad","Kuala Lumpur","Xi'an","Hong Kong","Dongguan","Hangzhou","Foshan","Shenyang","Riyadh","Baghdad","Santiago","Surat","Madrid","Suzhou","Pune","Harbin","Houston","Dallas","Toronto","Dar es Salaam","Miami","Belo Horizonte","Singapore","Philadelphia","Atlanta","Fukuoka","Khartoum","Barcelona","Johannesburg","Saint Petersburg","Qingdao","Dalian","Washington D.C.","Yangon","Alexandria","Jinan","Guadalajara"
"Tokyo",0,5671.710832,1765.489408,16126.23366,11322.33078,9585.553424,6737.930033,2101.510053,4902.885821,402.606619,10874.15081,6919.972028,18364.96289,3173.412486,8970.732884,5139.923517,2994.685834,13493.56447,18555.73372,2028.31602,13367.40544,2908.859543,8828.363719,7500.571261,2891.232634,5973.703587,6672.879315,9738.200841,14325.79863,5770.20913,6435.241426,15494.45096,4588.567598,1157.318732,263.800258,6332.109309,9582.744673,7680.982924,10156.12133,3356.300978,1978.89564,2433.348559,4332.069111,13857.47804,6548.825334,5318.52429,2806.864802,2889.825099,2874.441733,1924.57396,2929.402152,1569.388199,8710.250348,8367.037729,17237.42112,6626.22809,10785.25553,1840.356292,6682.35629,1569.773061,10751.80352,10418.7443,10369.74593,11398.07525,12015.85464,18218.71399,5312.227843,10895.37138,11053.3011,889.438324,10502.24229,10438.84132,13546.87987,7615.116936,1748.406849,1646.171109,10924.26218,4781.528828,9599.185543,2045.496981,10905.66869
"Delhi",5671.710832,0,3992.774194,13955.597,15124.24538,4950.097689,1073.238761,3675.613042,928.375399,5293.388076,12327.19945,1424.183572,16011.91566,2550.481949,5138.547435,760.000833,4289.417895,8500.879597,14447.47172,3714.419744,7822.863937,3251.112146,13178.19754,4932.039072,3326.873509,1020.246602,1360.410167,7194.209925,15818.58894,4384.762892,1301.029548,17348.51504,2353.877747,4532.366708,5419.956525,861.40415,7316.393817,3109.740559,12543.07199,2331.524208,3738.142943,3306.847304,3091.263243,8262.376499,912.136321,3235.2139,2865.731583,3355.431204,3299.764198,3866.117557,3235.402191,4299.353678,3492.68335,3700.780147,17142.55382,957.122241,7868.804269,3910.539796,1034.681525,4652.017656,13960.83405,13640.70876,12181.70175,5741.173731,14077.35586,14405.85164,3540.144062,12438.11124,13357.26022,4828.004947,5175.838061,7366.58288,8037.828844,5515.21212,3925.4084,4082.337612,12608.8495,1773.560584,5061.380909,3637.341008,14955.12916
"Shanghai",1765.489408,3992.774194,0,16498.01457,12928.79171,8369.105376,5039.170575,1067.585149,3170.963799,1364.03512,11883.79367,5322.881249,19631.1089,1446.049466,8004.151555,3405.952111,1843.765282,12242.62085,18276.15027,955.694974,11800.63497,1212.060637,10451.96218,6831.161609,1220.275275,4447.355999,4917.649215,9283.428701,15709.7209,4418.872057,4675.090896,17163.67375,2868.856568,863.116804,1501.78503,4597.038514,9214.85779,6391.064327,11376.71203,1663.690824,271.863865,688.43545,2735.910927,12252.65407,4894.325456,3738.693935,1220.097512,1230.666471,1188.321843,167.7548,1231.518117,1183.999046,7253.242232,7085.658822,18861.701,4948.963289,10273.20545,82.481334,4974.148014,1670.141603,12212.77681,11864.7351,11444.41551,9667.90732,13289.31735,18095.4853,3795.638175,11933.18563,12314.49081,876.811041,9034.322439,9844.048371,11781.39171,7117.86097,546.148858,850.390357,12005.58707,3020.359956,8418.830762,728.531928,12538.09848
"Sao Paulo",16126.23366,13955.597,16498.01457,0,6086.415067,9006.188107,13249.20621,15431.53353,14860.17301,16296.82437,5369.890536,12564.92247,3856.411252,15855.28245,8974.010843,14715.5167,18078.26378,5720.783684,2429.575653,15542.73335,6989.968807,16836.45564,8332.045905,9821.999638,16926.80614,13075.63803,13851.69037,7328.541987,3027.894821,17059.52509,14129.69889,3467.830987,16260.75696,15955.10953,16231.30885,13856.69564,7353.674303,10905.52817,6259.937078,15598.66905,16315.27417,16252.04947,16992.96313,6778.393365,13138.17953,16605.0844,15622.60138,16964.30068,16875.1067,16550.47262,16831.99378,15430.50241,10504.50837,10271.32128,4296.07329,13202.21858,6409.912618,16462.06973,13359.79428,15049.09334,6134.397929,6398.28397,5907.161138,9645.311179,4621.825817,2092.502712,16845.09053,5371.081173,5476.91316,16427.7947,8989.096423,6881.877903,8500.857698,9457.050264,15959.83325,15697.93626,5381.057513,15698.31464,8898.947954,15783.88414,6548.447311
"Mexico City",11322.33078,15124.24538,12928.79171,6086.415067,0,12392.68585,15661.38833,12478.47544,15127.71342,11701.02827,3364.417359,14882.63355,7364.003913,13933.60859,11449.10972,15288.58624,14238.68497,11085.23364,7644.402811,12513.07216,12742.05276,14140.67797,2493.982088,10744.52039,14146.72568,14326.98524,16409.92327,9215.167978,3173.077519,16861.71073,16419.41855,4237.843243,15741.96347,12074.6811,11566.57954,15921.74405,8950.133695,13170.6695,2721.620579,13941.40303,13034.00248,13429.2101,15644.94565,12680.95652,15228.9777,16640.02868,13372.24591,14154.09763,14116.86032,13095.45837,14159.98784,11945.91179,13896.81086,13011.6577,6581.880198,15432.96099,9085.039797,12980.35516,15741.56291,11449.32776,1215.36781,1499.375162,3263.457191,15330.03633,2069.947369,7424.690746,16622.29579,3236.89691,2162.906979,12145.66751,13474.53491,9508.783893,14584.52268,10110.80171,12598.505,12289.6402,3037.984179,15670.79566,12215.68139,12740.35485,462.564357
"Cairo",9585.553424,4950.097689,8369.105376,9006.188107,12392.68585,0,4361.263202,7557.31793,5856.38501,9324.719732,9039.893757,3584.848465,11811.90522,7131.341068,1232.689696,5709.721195,9188.274331,3914.748908,9908.746168,7652.80666,4167.214813,8034.187087,12221.62785,2896.844801,8120.545273,4100.475563,5120.467436,3213.290327,11222.8462,8971.014774,5363.240871,12427.35648,7284.031879,8504.922819,9406.25014,4968.075471,3511.65409,1983.962162,9882.447514,6865.131667,8099.135313,7782.83471,8024.95111,4716.5195,4167.963821,7957.670644,7159.728757,8154.503656,8081.01962,8303.824328,8022.74826,8020.51841,1640.492423,1297.529849,12796.60044,4264.126679,3353.766042,8292.77837,4479.396253,8068.628216,11305.11434,11166.33508,9228.040756,4169.58198,10455.59968,9764.460725,8262.003988,9167.057132,10238.68164,8986.475516,1612.355588,2898.111487,6230.421469,3317.809227,8043.852946,8012.088231,9365.716031,6708.806068,178.143655,7741.866956,12590.58239
"Mumbai",6737.930033,1073.238761,5039.170575,13249.20621,15661.38833,4361.263202,0,4748.302122,1886.511855,6356.090589,12555.28936,873.233826,14948.169,3593.122361,4813.31268,1662.653615,5135.616154,7629.030169,13456.2806,4787.646625,6814.765641,4209.361322,14005.11503,5022.480905,4277.4989,1386.913601,846.746451,7016.577844,15554.33882,4644.570532,1032.128323,16717.03013,3016.995678,5602.936608,6484.273096,612.113277,7195.364231,2795.529204,12963.72839,3387.116103,4790.266498,4350.901544,3743.807068,7234.563231,436.068063,3597.085567,3934.743492,4302.346119,4257.516457,4905.950508,4191.955672,5371.499041,2767.76961,3237.285364,16076.46101,232.014816,7537.789995,4957.444531,118.914957,5716.530612,14451.10295,14163.94514,12504.79011,4668.70983,14257.03229,13443.6014,3902.398569,12675.55448,13680.21771,5886.085484,4297.325885,7039.713072,6972.816724,5646.620445,4994.148476,5155.338172,12861.71261,2477.400045,4499.250176,4708.463682,15585.20973
"Beijing",2101.510053,3675.613042,1067.585149,15431.53353,12478.47544,7557.31793,4748.302122,0,3030.557623,1785.077101,11014.36334,4843.504138,19265.62553,1461.065099,7074.032607,3263.040434,2842.528823,11470.17221,17346.44824,113.403321,11266.71384,1888.674402,10079.52599,5807.670274,1942.069649,3880.057133,4827.667003,8237.293945,14956.84882,5191.958849,4627.432156,16646.11539,3273.062717,957.947921,1883.828094,4421.317344,8158.833516,5614.568667,10623.98096,1521.33692,901.097528,1059.799841,3374.241584,11761.10203,4512.430439,4335.537928,916.974488,1968.864364,1890.773912,1126.528224,1901.629302,625.820639,6610.378907,6306.902899,19055.23028,4611.165692,9239.657668,1031.113592,4708.162506,1053.452235,11618.89912,11265.03988,10612.08264,9409.895983,12529.98001,17109.71227,4459.306923,11075.33302,11568.10365,1432.048088,8403.277772,8822.849969,11701.27783,6068.000268,550.719407,459.928158,11166.63986,3226.017254,7587.490443,368.743116,12134.04369
"Dhaka",4902.885821,928.375399,3170.963799,14860.17301,15127.71342,5856.38501,1886.511855,3030.557623,0,4511.532242,12695.45257,2352.463332,16780.8395,1730.99212,5964.982772,237.366684,3362.055805,9426.891238,15339.43449,3046.800403,8699.545021,2337.22428,12933.0348,5554.089492,2410.026998,1804.863402,1799.296011,7925.255329,16454.23293,3745.42505,1598.666236,18166.69896,1531.065698,3798.707806,4643.904388,1429.324222,8014.951192,3969.362653,12739.8146,1555.133012,2931.666159,2483.581706,2242.678952,9120.833837,1824.056164,2577.635369,2144.891892,2437.289274,2385.771228,3031.449491,2320.737529,3652.431137,4420.500841,4589.78998,17883.04948,1830.754803,8667.173775,3090.246204,1812.006294,4064.8258,14052.71412,13711.11251,12473.67315,6499.586432,14438.21257,15314.36063,2864.680715,12796.11131,13619.19539,4032.583322,6098.426265,8168.023379,8693.719884,6094.975822,3184.095188,3388.74075,12950.014,971.832293,5961.338169,2920.203007,14874.75756
"Osaka",402.606619,5293.388076,1364.03512,16296.82437,11701.02827,9324.719732,6356.090589,1785.077101,4511.532242,0,11131.42501,6562.378202,18747.82626,2780.758199,8766.074562,4748.247239,2659.847006,13239.3427,18697.54202,1701.30711,13027.87044,2509.298695,9207.818862,7355.50746,2493.586568,5629.590869,6275.889775,9657.590138,14671.62312,5430.343588,6036.527559,15888.13213,4189.035981,827.146225,139.471965,5940.810336,9521.360527,7395.721589,10455.31917,2970.288048,1582.542524,2036.020139,3947.516074,13508.09925,6177.339717,4939.012961,2433.788941,2493.128855,2475.575162,1522.321229,2529.809781,1317.126456,8389.378005,8086.37335,17616.46473,6249.478134,10697.86678,1439.648392,6298.134395,1439.58866,11101.90058,10765.17189,10638.73012,11009.94591,12332.1838,18365.58782,4942.607988,11158.73357,11363.91492,487.343774,10182.86897,10329.78317,13145.16875,7510.272025,1382.893814,1325.156893,11196.9605,4378.940112,9347.007039,1687.15769,11288.65281
"New York City",10874.15081,12327.19945,11883.79367,5369.890536,3364.417359,9039.893757,12555.28936,11014.36334,12695.45257,11131.42501,0,11706.95946,8486.870149,12226.4878,8087.661973,12765.69373,13693.06766,8480.949487,7716.296396,11096.16538,10261.4822,12901.83736,3948.600699,7533.130438,12956.41182,11370.9548,13386.32602,5851.007147,3995.653691,16171.58604,13492.84336,5845.735859,13938.00865,11083.50751,11034.3605,12966.48017,5586.803747,9879.359278,1153.306071,12103.52127,11846.30771,12072.64862,14309.37956,10411.57892,12151.75951,15129.28025,11703.50303,12982.87439,12905.06871,12016.84437,12914.10269,10702.94526,10533.51938,9664.039205,8212.815546,12344.96623,5783.306381,11895.03301,12655.69216,10214.4743,2282.513116,2212.473694,555.185894,12458.18794,1752.39006,7392.836817,15343.0566,127.523963,1201.660154,11412.73859,10230.74546,6178.993027,12820.28055,6908.998974,11379.42892,11049.95957,326.493077,13559.03754,8862.177626,11368.68197,3554.45634
"Karachi",6919.972028,1424.183572,5322.881249,12564.92247,14882.63355,3584.848465,873.233826,4843.504138,2352.463332,6562.378202,11706.95946,0,14732.01901,3906.702419,3953.242732,2172.271149,5711.544852,7078.929802,13059.3303,4903.039903,6480.477103,4666.158612,13444.22176,4176.79557,4743.898446,1007.057232,1719.240952,6145.060457,14711.34279,5489.389468,1898.490888,16009.97765,3704.701802,5763.342845,6680.443654,1426.465982,6322.171227,1924.946251,12165.87633,3666.048616,5058.248532,4649.602919,4444.921612,6947.265234,584.027085,4410.29872,4137.327996,4773.340787,4714.775405,5210.005695,4651.041566,5444.594517,2072.220137,2400.332129,15854.22214,708.716749,6686.503164,5240.480912,986.884416,5717.703737,13667.31893,13396.8728,11678.95947,4642.960441,13395.11325,13000.3268,4718.254387,11828.63055,12848.0961,6118.927034,3760.946633,6186.425528,7058.83535,4805.749817,5179.493017,5283.979398,12017.22702,3134.454484,3710.508197,4876.707581,14852.21632
"Buenos Aires",18364.96289,16011.91566,19631.1089,3856.411252,7364.003913,11811.90522,14948.169,19265.62553,16780.8395,18747.82626,8486.870149,14732.01901,0,18504.37252,12234.45052,16543.53717,17787.3884,7914.157975,1945.30775,19378.97316,8255.21658,18505.28802,9828.015773,13463.1038,18481.33725,15645.83496,14999.76027,11028.49454,4640.068447,15241.83943,15229.43665,3126.703731,16903.6582,19428.98203,18620.3518,15352.45088,11107.20378,13778.27106,8978.954282,18330.76876,19629.98597,19206.42917,16966.80698,7784.984131,15126.90881,15968.69438,18868.38728,18465.18504,18520.90151,19505.68566,18487.40504,19189.5202,12858.04848,13083.05144,1131.4676,15055.87353,10027.86434,19627.93419,15004.68956,18696.24075,8113.06936,8462.865018,8922.297192,10289.06809,7065.431597,2165.296237,15893.46041,8436.220185,8039.239456,19201.8131,11067.70851,10447.74981,8106.051915,13197.65109,19814.14272,19526.36488,8361.591737,16815.1241,11771.0604,19550.44516,7744.635652
"Chongqing",3173.412486,2550.481949,1446.049466,15855.28245,13933.60859,7131.341068,3593.122361,1461.065099,1730.99212,2780.758199,12226.4878,3906.702419,18504.37252,0,6942.484136,1967.537605,2223.288505,10922.1089,16959.03401,1439.558519,10369.61719,981.292435,11540.14185,6046.447839,1071.554642,3086.573209,3504.658202,8540.332469,16221.71999,3945.669649,3275.863406,18029.87659,1839.986624,2089.897341,2913.615589,3160.125715,8539.93527,5150.748513,11961.1221,267.717223,1201.063042,757.864029,2083.119601,10812.85356,3456.625963,2967.135036,565.204114,1109.07362,1019.985374,1315.696558,977.449941,2036.932745,5891.844652,5834.023321,19505.06201,3505.191452,9445.399994,1364.371344,3528.519501,2508.766101,13039.57736,12685.4305,11874.83021,8230.455818,13839.11604,16869.84678,3135.233435,12301.49259,12900.27054,2301.731575,7651.051328,8975.613445,10399.29936,6453.573188,1479.588884,1726.867438,12414.33616,1766.704553,7202.506781,1250.724976,13594.2058
"Istanbul",8970.732884,5138.547435,8004.151555,8974.010843,11449.10972,1232.689696,4813.31268,7074.032607,5964.982772,8766.074562,8087.661973,3953.242732,12234.45052,6942.484136,0,5867.397456,9127.157817,4593.098199,10289.6075,7179.559195,5208.721726,7905.26544,11042.2849,1755.755279,7995.341261,4161.781582,5642.273743,2259.890911,10762.59032,9439.040536,5845.39961,12219.18114,7479.697015,7978.671374,8826.86433,5378.482529,2502.055418,2044.425298,8834.992045,6676.393811,7745.432507,7499.981658,8205.849888,5749.828078,4518.048538,8335.63016,6851.23355,8031.838662,7948.490164,7969.819042,7897.511317,7449.888393,2448.922138,1611.242283,13088.07369,4661.84087,2740.51805,7935.24332,4930.779517,7407.257068,10303.78393,10130.24072,8212.436316,5399.729397,9629.132119,10091.4616,8644.122821,8215.022636,9287.500771,8495.157078,2843.194623,2238.331516,7436.362356,2104.254382,7601.08287,7507.410741,8413.541888,6901.128594,1090.967015,7317.158411,11593.25497
"Kolkata",5139.923517,760.000833,3405.952111,14715.5167,15288.58624,5709.721195,1662.653615,3263.040434,237.366684,4748.247239,12765.69373,2172.271149,16543.53717,1967.537605,5867.397456,0,3540.598411,9233.49201,15118.8707,3280.898186,8477.419103,2549.921938,13130.90557,5535.37372,2620.24817,1709.299587,1564.966526,7871.243734,16450.40515,3751.262319,1371.159068,18086.50672,1612.335414,4035.950381,4880.786423,1192.589096,7973.569868,3852.586165,12853.26421,1792.366544,3167.875037,2719.042378,2343.20947,8894.308745,1626.926915,2584.801727,2380.850839,2646.311843,2598.28132,3265.328006,2532.901014,3885.829636,4244.358205,4456.001856,17646.31642,1619.181632,8585.129222,3325.418463,1584.265198,4293.972584,14192.57481,13854.60672,12563.42524,6263.465417,14514.61224,15101.29422,2880.849567,12869.3244,13719.01393,4268.854936,5901.194717,8084.177329,8457.231223,6091.192393,3421.341201,3624.596865,13028.03873,1034.239926,5819.975245,3156.723207,15050.22206
"Manila",2994.685834,4289.417895,1843.765282,18078.26378,14238.68497,9188.274331,5135.616154,2842.528823,3362.055805,2659.847006,13693.06766,5711.544852,17787.3884,2223.288505,9127.157817,3540.598411,0,12762.4133,18152.18987,2740.61478,11824.91753,1241.999713,11758.0457,8263.930298,1151.760655,5088.531787,4686.99811,10758.52084,17318.24599,2775.524996,4406.69964,18063.86609,2195.565007,2610.166323,2779.805765,4558.696658,10746.77468,7243.450364,13098.43535,2479.648831,1944.648021,1891.541147,1611.884423,12162.13408,5164.659852,2467.247296,2488.83325,1114.225199,1204.004775,1735.492469,1246.283712,3023.490634,7782.087042,7900.788731,17618.28633,5137.086775,11668.42072,1849.166674,5036.44513,3493.20876,13743.94409,13412.79249,13231.33496,9320.73658,14988.26292,18326.10788,2390.302518,13734.74253,14016.83274,2305.494776,9427.860121,11196.81477,11012.30856,8649.227894,2380.050697,2694.05487,13793.34892,2670.487903,9280.674573,2474.106195,13800.20449
"Lagos",13493.56447,8500.879597,12242.62085,5720.783684,11085.23364,3914.748908,7629.030169,11470.17221,9426.891238,13239.3427,8480.949487,7078.929802,7914.157975,10922.1089,4593.098199,9233.49201,12762.4133,0,6051.653183,11564.25514,1781.056785,11742.12942,12429.33055,6246.145133,11821.27014,7835.535702,8151.128968,4701.459632,8579.468454,11565.90472,8431.993792,9131.650381,10624.5968,12419.48859,13319.61843,8215.780716,5005.62765,5864.570399,9623.644272,10663.54226,11970.85406,11621.29076,11324.02803,2012.613073,7606.646051,10895.15805,11023.35513,11851.25259,11790.64659,12162.54784,11727.50295,11932.71471,5036.105542,5169.605765,8942.184633,7626.123741,3829.136112,12163.74886,7730.597575,11956.64838,10500.06058,10573.19443,8937.573721,4246.474349,9067.31094,5948.413136,11152.94891,8578.951398,9416.252793,12896.62165,3334.736444,3873.405271,4479.007188,6352.090418,11948.01389,11925.99547,8734.590178,10104.16124,3894.839897,11643.2533,11487.7159
"Rio de Janeiro",18555.73372,14447.47172,18276.15027,2429.575653,7644.402811,9908.746168,13456.2806,17346.44824,15339.43449,18697.54202,7716.296396,13059.3303,1945.30775,16959.03401,10289.6075,15118.8707,18152.18987,6051.653183,0,17456.03713,6641.668246,17657.39736,10108.17581,11550.32796,17717.86295,13879.34082,13737.42668,9162.095808,4508.469993,15462.31542,14006.10632,3746.457591,16126.20631,18154.18872,18649.33898,13968.83757,9271.749782,11888.96298,8493.388448,16706.71661,18007.40748,17672.81108,16587.70053,6236.222191,13535.34321,15686.95984,17067.04136,17738.21001,17704.57429,18210.70795,17638.94606,17590.1585,11070.2118,11195.15617,2893.639335,13510.81044,8139.189772,18200.97374,13537.34512,17323.04617,8049.147896,8364.093618,8232.77791,8987.535917,6684.889124,337.57385,15764.20283,7701.925477,7625.984694,18688.65001,9308.196922,8539.614738,7158.266273,11329.44313,17886.3138,17747.85297,7684.979912,15768.02452,9857.578167,17606.75155,8088.743965
"Tianjin",2028.31602,3714.419744,955.694974,15542.73335,12513.07216,7652.80666,4787.646625,113.403321,3046.800403,1701.30711,11096.16538,4903.039903,19378.97316,1439.558519,7179.559195,3280.898186,2740.61478,11564.25514,17456.03713,0,11339.23138,1811.302598,10102.4728,5919.810287,1861.428094,3946.702835,4845.798068,8350.556711,15028.42934,5118.268562,4640.463733,16697.39244,3232.812397,876.08036,1804.34064,4447.428164,8272.235723,5705.434084,10691.24752,1519.632132,796.658782,985.59381,3310.527552,11830.12815,4560.870195,4279.194114,913.134231,1887.093074,1811.219015,1018.690323,1824.972217,607.850049,6689.151315,6398.54674,19072.90403,4655.15763,9352.49657,920.929618,4744.750451,1069.809268,11668.54091,11314.97627,10689.03344,9453.335389,12599.55941,17221.50195,4396.172758,11155.72301,11635.35393,1333.958507,8482.519193,8935.075918,11729.42996,6181.324912,437.732589,382.374718,11244.7447,3206.205068,7684.74631,273.558727,12163.07369
"Kinshasa",13367.40544,7822.863937,11800.63497,6989.968807,12742.05276,4167.214813,6814.765641,11266.71384,8699.545021,13027.87044,10261.4822,6480.477103,8255.21658,10369.61719,5208.721726,8477.419103,11824.91753,1781.056785,6641.668246,11339.23138,0,11019.89022,14210.04894,6964.39635,11084.91594,7398.280421,7146.492029,6025.036291,9989.276315,10128.48433,7424.493562,10172.2461,9629.495218,12213.04349,13139.68105,7334.712257,6358.009752,5813.921754,11404.70105,10138.63288,11537.70672,11121.56449,10255.07696,549.475975,6913.513809,9644.027285,10616.18898,11108.00748,11067.68687,11682.46573,11002.00526,11829.94242,4675.435048,5173.47006,9373.85503,6875.546565,5320.728288,11718.15964,6895.867543,11999.42165,12246.30805,12336.24838,10718.04575,2669.312329,10775.50837,6642.176866,9863.609979,10358.77321,11178.60135,12595.93423,2904.213309,5236.350293,2767.566152,7243.272824,11647.99674,11721.25515,10512.75481,9183.715593,4229.201758,11341.61478,13166.11004
"Guangzhou",2908.859543,3251.112146,1212.060637,16836.45564,14140.67797,8034.187087,4209.361322,1888.674402,2337.22428,2509.298695,12901.83736,4666.158612,18505.28802,981.292435,7905.26544,2549.921938,1241.999713,11742.12942,17657.39736,1811.302598,11019.89022,0,11663.39831,7025.073108,90.560643,3944.020756,3929.549237,9519.479036,16836.12198,3307.981651,3665.833962,18375.22853,1679.771814,2068.267518,2648.584984,3688.698703,9514.116058,6066.043701,12493.97422,1238.889533,1127.661763,829.269534,1538.670756,11421.19094,4158.409606,2536.994723,1303.299113,127.892605,48.652764,1045.222308,20.596547,2276.948056,6710.235163,6738.283218,18800.63843,4167.129563,10426.54305,1161.024803,4125.08575,2785.187462,13402.82333,13052.41639,12500.08084,8695.397929,14405.47681,17651.06883,2615.908673,12963.72668,13437.42752,2033.869418,8425.696631,9955.896987,10677.91713,7421.989367,1591.038563,1920.33764,13055.17835,1922.722375,8115.469443,1541.984412,13749.6881
"Los Angeles",8828.363719,13178.19754,10451.96218,8332.045905,2493.982088,12221.62785,14005.11503,10079.52599,12933.0348,9207.818862,3948.600699,13444.22176,9828.015773,11540.14185,11042.2849,13130.90557,11758.0457,12429.33055,10108.17581,10102.4728,14210.04894,11663.39831,0,9794.200502,11665.16836,12623.83431,14538.4047,9106.259664,5602.71564,14456.53963,14441.88218,6711.852995,13298.29231,9605.420992,9073.053381,14038.39939,8778.372959,12208.74618,2807.967957,11582.89867,10571.05765,10981.49021,13153.93265,14345.19451,13584.09176,14146.46222,10991.06603,11670.97152,11637.52723,10619.35688,11683.04865,9516.930636,13312.97698,12328.04459,8975.757779,13778.77638,9385.556865,10506.67187,14044.50841,9032.687958,2211.483964,1999.366933,3502.562215,16214.41015,3764.318623,9870.980093,14132.33479,3852.373214,3115.393065,9655.593298,13708.2101,9674.263277,16672.8422,9199.42027,10149.21806,9851.122344,3703.082848,13305.27052,12051.51198,10313.7391,2086.376233
"Moscow",7500.571261,4932.039072,6831.161609,9821.999638,10744.52039,2896.844801,5022.480905,5807.670274,5554.089492,7355.50746,7533.130438,4176.79557,13463.1038,6046.447839,1755.755279,5535.37372,8263.930298,6246.145133,11550.32796,5919.810287,6964.39635,7025.073108,9794.200502,0,7114.550826,3920.313218,5857.736841,2494.594109,10915.44262,9286.478472,5982.437811,12640.77596,7063.193825,6627.181509,7394.232402,5460.057002,2506.696267,2463.2696,8024.27808,5799.228037,6597.955808,6450.744199,7718.103017,7504.90025,4624.35335,8120.068172,5808.47308,7152.131148,7061.155375,6834.600681,7022.473097,6070.404822,3527.614584,2544.090177,14113.38355,4814.492064,3444.421359,6774.107346,5124.067065,5935.192734,9534.11243,9290.954917,7507.580685,6934.803688,9241.993764,11302.31228,8414.17149,7653.889803,8672.395206,7162.18299,4480.886178,3015.37301,9119.570835,633.751108,6356.974199,6197.611902,7841.351131,6524.553899,2790.502601,6107.234765,10774.6507
"Shenzhen",2891.232634,3326.873509,1220.275275,16926.80614,14146.72568,8120.545273,4277.4989,1942.069649,2410.026998,2493.586568,12956.41182,4743.898446,18481.33725,1071.554642,7995.341261,2620.24817,1151.760655,11821.27014,17717.86295,1861.428094,11084.91594,90.560643,11665.16836,7114.550826,0,4028.703587,3983.840924,9609.019477,16877.78859,3263.378702,3718.158218,18374.29076,1699.974385,2081.314139,2632.5279,3751.501981,9602.799037,6153.537039,12534.36511,1329.435933,1155.670298,885.988915,1517.712486,11482.28297,4232.719929,2519.491263,1383.418959,37.5852,56.597872,1055.3748,98.316626,2311.21263,6790.922839,6824.952633,18721.20435,4238.62639,10516.89806,1174.300907,4191.935356,2818.69016,13425.24446,13075.68835,12549.82659,8746.19051,14447.02572,17720.98011,2587.883248,13016.88112,13477.21118,2022.897421,8502.367917,10046.38629,10710.24495,7509.950013,1623.482144,1954.588756,13106.02735,1967.513365,8202.507147,1590.210452,13751.49964
"Lahore",5973.703587,1020.246602,4447.355999,13075.63803,14326.98524,4100.475563,1386.913601,3880.057133,1804.863402,5629.590869,11370.9548,1007.057232,15645.83496,3086.573209,4161.781582,1709.299587,5088.531787,7835.535702,13879.34082,3946.702835,7398.280421,3944.020756,12623.83431,3920.313218,4028.703587,0,2084.958658,6178.252757,14798.65297,5404.663392,2136.793223,16378.29034,3319.845925,4817.047057,5742.070393,1614.028363,6296.736073,2170.741917,11668.34153,2828.851612,4177.340308,3797.155605,4044.073897,7883.791924,960.279236,4252.450176,3235.692793,4061.776928,3991.560292,4349.73405,3931.610221,4468.753336,2809.832341,2812.995212,16743.94109,1157.176877,6875.845798,4365.905646,1441.54623,4722.560742,13129.72351,12828.05521,11260.36812,5649.328454,13112.7763,13783.58595,4556.179442,11485.38298,12440.44396,5203.456883,4587.031156,6374.883667,8064.905229,4512.34387,4250.871851,4329.054335,11662.07026,2743.341813,4192.524544,3943.801139,14219.8829
"Bangalore",6672.879315,1360.410167,4917.649215,13851.69037,16409.92327,5120.467436,846.746451,4827.667003,1799.296011,6275.889775,13386.32602,1719.240952,14999.76027,3504.658202,5642.273743,1564.966526,4686.99811,8151.128968,13737.42668,4845.798068,7146.492029,3929.549237,14538.4047,5857.736841,3983.840924,2084.958658,0,7857.704446,16342.79665,3852.269378,281.804554,17277.91623,2496.103146,5589.24784,6411.098112,504.172389,8040.270288,3637.200671,13748.11176,3348.919616,4694.027721,4239.92103,3174.18944,7513.747472,1234.573547,2864.234873,3943.570997,4002.392796,3975.205452,4767.661096,3910.22239,5450.770587,3493.236735,4051.325446,16086.39657,1043.612745,8353.917849,4839.449929,737.446444,5854.426626,15214.67585,14911.8414,13316.35164,4770.227594,15097.97177,13774.43231,3161.145874,13505.3052,14495.26517,5791.244495,4863.859727,7858.679887,6898.429285,6478.312205,4975.192497,5187.356088,13689.19377,2039.807356,5267.418353,4717.266502,16281.63807
"Paris",9738.200841,7194.209925,9283.428701,7328.541987,9215.167978,3213.290327,7016.577844,8237.293945,7925.255329,9657.590138,5851.007147,6145.060457,11028.49454,8540.332469,2259.890911,7871.243734,10758.52084,4701.459632,9162.095808,8350.556711,6025.036291,9519.479036,9106.259664,2494.594109,9609.019477,6178.252757,7857.704446,0,8631.075144,11572.31232,8042.93784,10243.69283,9454.977348,8993.273231,9674.490084,7553.237777,342.102728,4221.097982,6669.379022,8291.664598,9060.765545,8935.984159,10142.60482,6479.84661,6686.272918,10429.42271,8297.63191,9646.601952,9555.689372,9298.621694,9516.762283,8429.373464,4687.999862,3867.859052,11622.79192,6846.992483,1049.923194,9230.926679,7131.602888,8218.004101,8099.26163,7953.486052,6016.467221,7139.047395,7369.24251,8890.930345,10734.06317,5978.528176,7052.666463,9529.646641,4602.929213,829.035327,8690.968483,2170.451159,8787.824042,8598.441654,6177.497508,8893.724313,3035.325807,8555.296584,9387.965447
"Bogota",14325.79863,15818.58894,15709.7209,3027.894821,3173.077519,11222.8462,15554.33882,14956.84882,16454.23293,14671.62312,3995.653691,14711.34279,4640.068447,16221.71999,10762.59032,16450.40515,17318.24599,8579.468454,4508.469993,15028.42934,9989.276315,16836.12198,5602.71564,10915.44262,16877.78859,14798.65297,16342.79665,8631.075144,0,19821.50204,16578.11675,1870.246125,17880.00801,14856.72441,14547.1543,16137.72021,8502.25238,12804.47873,4343.531197,16096.83817,15727.90809,16014.00628,18303.44468,9801.967876,15280.57401,19031.86829,15692.90954,16899.01915,16831.33434,15861.91781,16850.84681,14569.2459,12854.92749,12318.20514,4225.696972,15419.50505,8025.240655,15738.497,15673.18227,14063.48398,3574.443839,3907.415371,4356.387967,12656.07544,2430.83717,4268.621152,19307.09202,3920.305412,3401.205575,15062.30259,11650.50039,8525.977245,11444.00442,10361.76118,15257.43281,14925.33915,3810.572304,17408.75888,11075.38138,15295.38638,3630.747411
"Jakarta",5770.20913,4384.762892,4418.872057,17059.52509,16861.71073,8971.014774,4644.570532,5191.958849,3745.42505,5430.343588,16171.58604,5489.389468,15241.83943,3945.669649,9439.040536,3751.262319,2775.524996,11565.90472,15462.31542,5118.268562,10128.48433,3307.981651,14456.53963,9286.478472,3263.378702,5404.663392,3852.269378,11572.31232,19821.50204,0,3619.314404,17956.28215,2310.071668,5267.747511,5552.971207,4062.932877,11701.12276,7397.56853,15793.15401,4076.31872,4408.81136,4133.197019,1862.550062,10300.96467,4920.992939,1168.166245,4469.325219,3240.995172,3310.998824,4268.918551,3293.789866,5567.57427,7337.295909,7881.277702,15621.40641,4781.046166,12175.78179,4392.458934,4525.773882,6071.962928,16515.2519,16187.4034,15800.05517,7459.464801,17706.85212,15714.48105,886.80688,16244.22599,16733.00808,5048.278574,8522.179491,11675.25789,8600.646162,9838.883736,4879.746501,5212.10601,16349.33668,2788.631454,9119.409737,4849.892622,16401.28241
"Chennai",6435.241426,1301.029548,4675.090896,14129.69889,16419.41855,5363.240871,1032.128323,4627.432156,1598.666236,6036.527559,13492.84336,1898.490888,15229.43665,3275.863406,5845.39961,1371.159068,4406.69964,8431.993792,14006.10632,4640.463733,7424.493562,3665.833962,14441.88218,5982.437811,3718.158218,2136.793223,281.804554,8042.93784,16578.11675,3619.314404,0,17559.65712,2214.809537,5364.867876,6172.650698,526.502213,8215.057367,3823.437097,13799.55295,3132.214483,4456.956564,4002.158301,2892.812396,7787.840455,1369.587333,2604.782456,3732.519966,3735.867946,3711.0112,4522.71241,3646.316774,5247.412215,3743.97649,4266.77673,16301.39644,1197.24823,8568.803745,4597.809605,914.681692,5663.487624,15243.07261,14929.3784,13396.43512,5029.959893,15221.64722,14048.03351,2904.881583,13609.49265,14576.62031,5550.601462,5140.912022,8071.212314,7123.499177,6596.099068,4752.209069,4974.3974,13789.45853,1765.787193,5507.010722,4501.462283,16256.0535
"Lima",15494.45096,17348.51504,17163.67375,3467.830987,4237.843243,12427.35648,16717.03013,16646.11539,18166.69896,15888.13213,5845.735859,16009.97765,3126.703731,18029.87659,12219.18114,18086.50672,18063.86609,9131.650381,3746.457591,16697.39244,10172.2461,18375.22853,6711.852995,12640.77596,18374.29076,16378.29034,17277.91623,10243.69283,1870.246125,17956.28215,17559.65712,0,19697.50893,16312.40656,15749.99292,17323.72398,10161.44214,14239.42009,6068.769847,17940.30506,17270.64629,17651.82248,19604.18133,9843.456293,16590.288,19012.06327,17474.11103,18377.66398,18348.69528,17330.93108,18394.89926,16160.19837,13965.59424,13653.71795,2456.332732,16665.55919,9503.925677,17217.17981,16827.3563,15655.48069,5028.897715,5382.419394,6171.29509,12682.75073,4197.012743,3638.33685,18818.77352,5763.583645,5130.10387,16353.23891,12441.50962,10004.22545,10886.41874,12124.00938,16827.68431,16510.84808,5640.606788,19120.13156,12306.87501,16943.40342,4625.610987
"Bangkok",4588.567598,2353.877747,2868.856568,16260.75696,15741.96347,7284.031879,3016.995678,3273.062717,1531.065698,4189.035981,13938.00865,3704.701802,16903.6582,1839.986624,7479.697015,1612.335414,2195.565007,10624.5968,16126.20631,3232.812397,9629.495218,1679.771814,13298.29231,7063.193825,1699.974385,3319.845925,2496.103146,9454.977348,17880.00801,2310.071668,2214.809537,19697.50893,0,3698.364759,4328.341978,2415.527442,9539.113297,5461.726008,13772.35963,1890.0988,2730.155535,2317.58185,740.92566,9973.641674,3126.691007,1191.363413,2404.786831,1704.584934,1714.350552,2701.356618,1659.247623,3796.115218,5757.048221,6051.697335,17669.57116,3058.539648,10193.75239,2807.680807,2908.951568,4293.194557,14879.39102,14525.22397,13633.88826,7155.025183,15616.77021,16210.97793,1428.285934,14024.56836,14703.61478,3712.126941,7304.967602,9693.541421,9021.20772,7584.647743,3149.915079,3453.789445,14154.9135,580.404474,7402.543759,3001.758774,15377.33916
"Seoul",1157.318732,4532.366708,863.116804,15955.10953,12074.6811,8504.922819,5602.936608,957.947921,3798.707806,827.146225,11083.50751,5763.342845,19428.98203,2089.897341,7978.671374,4035.950381,2610.166323,12419.48859,18154.18872,876.08036,12213.04349,2068.267518,9605.420992,6627.181509,2081.314139,4817.047057,5589.24784,8993.273231,14856.72441,5267.747511,5364.867876,16312.40656,3698.364759,0,928.313038,5222.60088,8882.667766,6569.981696,10534.5029,2243.583929,968.668355,1402.976576,3598.312468,12700.58085,5400.033887,4600.712714,1668.982986,2092.842872,2047.224631,1026.058749,2087.201463,564.061483,7565.201883,7261.345387,18362.75045,5483.334663,10019.80764,907.520159,5552.210483,912.199258,11349.79816,11001.97127,10628.29013,10270.71131,12444.28445,17867.42021,4658.424561,11126.8724,11468.71741,536.93255,9358.536279,9628.225651,12487.20803,6827.752532,614.613204,498.020197,11190.36236,3794.172446,8530.626333,895.366513,11690.00733
"Nagoya",263.800258,5419.956525,1501.78503,16231.30885,11566.57954,9406.25014,6484.273096,1883.828094,4643.904388,139.471965,11034.3605,6680.443654,18620.3518,2913.615589,8826.86433,4880.786423,2779.805765,13319.61843,18649.33898,1804.34064,13139.68105,2648.584984,9073.053381,7394.232402,2632.5279,5742.070393,6411.098112,9674.490084,14547.1543,5552.971207,6172.650698,15749.99292,4328.341978,928.313038,0,6073.227285,9531.459678,7485.850303,10344.68024,3099.993687,1717.143543,2171.23003,4083.291888,13623.76564,6301.085468,5073.478185,2557.474062,2631.871201,2614.74665,1660.776613,2669.101306,1387.660272,8493.276625,8174.956911,17490.11973,6375.458274,10717.5996,1576.857952,6427.358467,1463.113528,10975.65324,10639.98816,10537.76048,11141.09742,12216.49645,18313.36589,5074.223374,11059.70539,11249.84931,625.641692,10286.51,10356.98955,13283.16784,7534.742537,1502.303533,1424.636218,11094.93028,4517.87608,9425.350611,1803.740671,11153.03695
"Hyderabad",6332.109309,861.40415,4597.038514,13856.69564,15921.74405,4968.075471,612.113277,4421.317344,1429.324222,5940.810336,12966.48017,1426.465982,15352.45088,3160.125715,5378.482529,1192.589096,4558.696658,8215.780716,13968.83757,4447.428164,7334.712257,3688.698703,14038.39939,5460.057002,3751.501981,1614.028363,504.172389,7553.237777,16137.72021,4062.932877,526.502213,17323.72398,2415.527442,5222.60088,6073.227285,0,7716.380503,3342.828097,13281.38249,2980.461942,4360.356068,3910.891025,3137.136925,7733.009898,866.964858,2994.609595,3559.763779,3773.930982,3736.073714,4454.574545,3670.400703,5046.931224,3379.771193,3822.380378,16462.73659,718.280261,8112.959741,4516.790335,497.947258,5431.317137,14734.71709,14426.32751,12871.38487,5071.271679,14696.76216,13976.43531,3301.278116,13083.03994,14051.58282,5461.348702,4890.260473,7612.782352,7282.074515,6071.914313,4608.327116,4800.528039,13262.95712,1889.858801,5103.717049,4337.700208,15781.94715
"London",9582.744673,7316.393817,9214.85779,7353.674303,8950.133695,3511.65409,7195.364231,8158.833516,8014.951192,9521.360527,5586.803747,6322.171227,11107.20378,8539.93527,2502.055418,7973.569868,10746.77468,5005.62765,9271.749782,8272.235723,6358.009752,9514.116058,8778.372959,2506.696267,9602.799037,6296.736073,8040.270288,342.102728,8502.25238,11701.12276,8215.057367,10161.44214,9539.113297,8882.667766,9531.459678,7716.380503,0,4405.850627,6374.135749,8297.13523,9000.793832,8899.703706,10211.36247,6807.709241,6850.595438,10547.42496,8269.393863,9640.303023,9548.528006,9238.881627,9512.500637,8318.82662,4946.819378,4095.73408,11648.3255,7017.817152,1261.818583,9165.797091,7308.707685,8083.720367,7818.816823,7663.022046,5730.75199,7473.829941,7142.007166,8990.551006,10849.1784,5714.242857,6787.522535,9417.091335,4929.837186,1136.9193,9031.144705,2104.385614,8707.794233,8504.197716,5912.939259,8986.350272,3334.36823,8486.47504,9108.782168
"Tehran",7680.982924,3109.740559,6391.064327,10905.52817,13170.6695,1983.962162,2795.529204,5614.568667,3969.362653,7395.721589,9879.359278,1924.946251,13778.27106,5150.748513,2044.425298,3852.586165,7243.450364,5864.570399,11888.96298,5705.434084,5813.921754,6066.043701,12208.74618,2463.2696,6153.537039,2170.741917,3637.200671,4221.097982,12804.47873,7397.56853,3823.437097,14239.42009,5461.726008,6569.981696,7485.850303,3342.828097,4405.850627,0,10461.1749,4883.98638,6120.3574,5799.079826,6195.72535,6350.595,2478.399608,6291.304075,5178.296614,6188.197994,6112.255746,6322.411343,6055.382764,6111.835699,1300.900669,695.292501,14779.41178,2630.166386,4784.943332,6313.962595,2910.810865,6215.163189,11969.76525,11739.82246,9911.40798,4874.024084,11521.37242,11748.26278,6599.822795,10004.14475,11053.61031,7034.632153,2917.168261,4282.713902,7275.877182,3090.854378,6083.65108,6073.17891,10198.08232,4881.410731,2052.003574,5778.683139,13226.19201
"Chicago",10156.12133,12543.07199,11376.71203,6259.937078,2721.620579,9882.447514,12963.72839,10623.98096,12739.8146,10455.31917,1153.306071,12165.87633,8978.954282,11961.1221,8834.992045,12853.26421,13098.43535,9623.644272,8493.388448,10691.24752,11404.70105,12493.97422,2807.967957,8024.27808,12534.36511,11668.34153,13748.11176,6669.379022,4343.531197,15793.15401,13799.55295,6068.769847,13772.35963,10534.5029,10344.68024,13281.38249,6374.135749,10461.1749,0,11884.10623,11385.04226,11676.16171,13996.84807,11563.52741,12536.79237,14928.24292,11407.96586,12555.48795,12488.25235,11525.0034,12509.07138,10226.22817,11274.18663,10347.68931,8518.594406,12738.99584,6745.736292,11401.44684,13050.56194,9721.29464,1509.989766,1295.957584,705.24048,13523.73047,1913.728061,8186.583874,15079.43458,1071.72758,944.140061,10793.26039,11187.97858,7100.313714,13972.51277,7390.531182,10914.31285,10582.09238,961.186219,13495.21419,9704.572083,10955.74677,2775.435622
"Chengdu",3356.300978,2331.524208,1663.690824,15598.66905,13941.40303,6865.131667,3387.116103,1521.33692,1555.133012,2970.288048,12103.52127,3666.048616,18330.76876,267.717223,6676.393811,1792.366544,2479.648831,10663.54226,16706.71661,1519.632132,10138.63288,1238.889533,11582.89867,5799.228037,1329.435933,2828.851612,3348.919616,8291.664598,16096.83817,4076.31872,3132.214483,17940.30506,1890.0988,2243.583929,3099.993687,2980.461942,8297.13523,4883.98638,11884.10623,0,1406.675984,983.744918,2219.99069,10588.98665,3230.72029,3053.280318,606.541034,1366.753758,1279.346155,1544.54863,1233.665795,2127.013344,5636.764685,5567.961118,19433.38314,3288.538413,9189.140826,1581.260046,3327.885993,2574.270843,13008.22449,12654.68121,11769.19049,8041.777342,13744.04499,16609.47842,3242.465756,12182.55046,12818.23091,2499.018804,7401.423139,8717.293444,10246.98356,6216.848648,1628.974926,1842.485906,12301.89741,1731.455105,6935.59206,1369.341135,13618.21396
"Nanjing",1978.89564,3738.142943,271.863865,16315.27417,13034.00248,8099.135313,4790.266498,901.097528,2931.666159,1582.542524,11846.30771,5058.248532,19629.98597,1201.063042,7745.432507,3167.875037,1944.648021,11970.85406,18007.40748,796.658782,11537.70672,1127.661763,10571.05765,6597.955808,1155.670298,4177.340308,4694.027721,9060.765545,15727.90809,4408.81136,4456.956564,17270.64629,2730.155535,968.668355,1717.143543,4360.356068,9000.793832,6120.3574,11385.04226,1406.675984,0,454.901098,2666.256657,11993.5868,4636.305099,3662.927241,948.254971,1173.810957,1114.038585,238.096115,1145.168159,1158.821727,6982.346076,6814.8072,19132.61638,4695.072716,10042.04181,193.645164,4727.793232,1664.653828,12275.42654,11924.8491,11422.15829,9431.251037,13298.64536,17835.94232,3742.422169,11900.82428,12326.74898,1100.993119,8764.37002,9607.311802,11574.90461,6899.771257,471.036002,803.445488,11981.35763,2837.006467,8149.858048,536.082063,12654.28772
"Wuhan",2433.348559,3306.847304,688.43545,16252.04947,13429.2101,7782.83471,4350.901544,1059.799841,2483.581706,2036.020139,12072.64862,4649.602919,19206.42917,757.864029,7499.981658,2719.042378,1891.541147,11621.29076,17672.81108,985.59381,11121.56449,829.269534,10981.49021,6450.744199,885.988915,3797.155605,4239.92103,8935.984159,16014.00628,4133.197019,4002.158301,17651.82248,2317.58185,1402.976576,2171.23003,3910.891025,8899.703706,5799.079826,11676.16171,983.744918,454.901098,0,2330.111648,11568.65715,4210.81858,3309.483473,651.362198,914.684957,833.302395,560.947624,841.939393,1491.74661,6606.96608,6490.209767,19452.41684,4262.337141,9889.543666,607.080289,4285.713282,1997.556915,12629.20524,12276.61623,11671.84978,8982.156887,13585.05848,17547.29045,3415.470966,12134.46712,12620.20237,1552.418954,8378.886459,9438.951217,11120.20249,6795.636004,832.362809,1141.485632,12226.41462,2391.559628,7842.832498,721.144881,13059.80697
"Ho Chi Minh City",4332.069111,3091.263243,2735.910927,16992.96313,15644.94565,8024.95111,3743.807068,3374.241584,2242.678952,3947.516074,14309.37956,4444.921612,16966.80698,2083.119601,8205.849888,2343.20947,1611.884423,11324.02803,16587.70053,3310.527552,10255.07696,1538.670756,13153.93265,7718.103017,1517.712486,4044.073897,3174.18944,10142.60482,18303.44468,1862.550062,2892.812396,19604.18133,740.92566,3598.312468,4083.291888,3137.136925,10211.36247,6195.72535,13996.84807,2219.99069,2666.256657,2330.111648,0,10570.29203,3865.987596,1003.159663,2611.212697,1505.469617,1554.62604,2572.283934,1521.088948,3810.027719,6493.461804,6790.958167,17477.65543,3793.686131,10908.50765,2691.876119,3633.535842,4318.392265,14941.44248,14591.08453,13949.42621,7715.405485,15897.01857,16725.03066,1085.676146,14383.44241,14940.72234,3499.278154,8017.850099,10410.00747,9429.589536,8216.294957,3127.231213,3454.175315,14493.24199,1318.720054,8143.346975,3050.856877,15236.15831
"Luanda",13857.47804,8262.376499,12252.65407,6778.393365,12680.95652,4716.5195,7234.563231,11761.10203,9120.833837,13508.09925,10411.57892,6947.265234,7784.984131,10812.85356,5749.828078,8894.308745,12162.13408,2012.613073,6236.222191,11830.12815,549.475975,11421.19094,14345.19451,7504.90025,11482.28297,7883.791924,7513.747472,6479.84661,9801.967876,10300.96467,7787.840455,9843.456293,9973.641674,12700.58085,13623.76564,7733.009898,6807.709241,6350.595,11563.52741,10588.98665,11993.5868,11568.65715,10570.29203,0,7358.349509,9902.331724,11083.82219,11503.51974,11468.3536,12128.4225,11402.72386,12334.1646,5192.868058,5715.857592,8910.340344,7308.841892,5724.808221,12170.23727,7310.045189,12519.37971,12290.8931,12411.89951,10892.71026,2880.084161,10780.50023,6260.692949,10104.58207,10501.66627,11259.40357,13065.63963,3435.721603,5676.622326,2469.327475,7771.482423,12125.47837,12212.50164,10644.5482,9553.282777,4777.492619,11821.08051,13120.78959
"Ahmedabad",6548.825334,912.136321,4894.325456,13138.17953,15228.9777,4167.963821,436.068063,4512.430439,1824.056164,6177.339717,12151.75951,584.027085,15126.90881,3456.625963,4518.048538,1626.926915,5164.659852,7606.646051,13535.34321,4560.870195,6913.513809,4158.409606,13584.09176,4624.35335,4232.719929,960.279236,1234.573547,6686.272918,15280.57401,4920.992939,1369.587333,16590.288,3126.691007,5400.033887,6301.085468,866.964858,6850.595438,2478.399608,12536.79237,3230.72029,4636.305099,4210.81858,3865.987596,7358.349509,0,3831.134163,3743.725078,4260.506161,4207.037019,4771.174262,4142.338769,5128.85395,2635.550539,2980.492874,16258.05125,204.556489,7255.948866,4811.920283,513.804055,5445.479351,14020.28172,13730.77195,12087.73454,4902.120449,13866.06834,13495.90812,4139.414218,12270.81072,13265.26987,5718.713276,4275.306162,6754.810143,7259.044265,5243.914625,4800.451429,4936.15963,12454.99344,2560.172829,4294.397696,4505.406321,15149.25261
"Kuala Lumpur",5318.52429,3235.2139,3738.693935,16605.0844,16640.02868,7957.670644,3597.085567,4335.537928,2577.635369,4939.012961,15129.28025,4410.29872,15968.69438,2967.135036,8335.63016,2584.801727,2467.247296,10895.15805,15686.95984,4279.194114,9644.027285,2536.994723,14146.46222,8120.068172,2519.491263,4252.450176,2864.234873,10429.42271,19031.86829,1168.166245,2604.782456,19012.06327,1191.363413,4600.712714,5073.478185,2994.609595,10547.42496,6291.304075,14928.24292,3053.280318,3662.927241,3309.483473,1003.159663,9902.331724,3831.134163,0,3521.531181,2508.053399,2554.975282,3574.662602,2518.877027,4797.947527,6347.543408,6810.600289,16560.70954,3708.679549,11076.03315,3693.771331,3478.684383,5305.518782,15936.51771,15584.7366,14818.57665,7022.498827,16797.08577,15864.73327,308.587944,15215.32581,15867.01635,4497.267162,7689.477678,10573.61617,8551.999685,8670.732648,4119.566525,4443.536607,15343.8586,1626.177588,8096.323994,4026.382533,16222.76366
"Xi'an",2806.864802,2865.731583,1220.097512,15622.60138,13372.24591,7159.728757,3934.743492,916.974488,2144.891892,2433.788941,11703.50303,4137.327996,18868.38728,565.204114,6851.23355,2380.850839,2488.83325,11023.35513,17067.04136,913.134231,10616.18898,1303.299113,10991.06603,5808.47308,1383.418959,3235.692793,3943.570997,8297.63191,15692.90954,4469.325219,3732.519966,17474.11103,2404.786831,1668.982986,2557.474062,3559.763779,8269.393863,5178.296614,11407.96586,606.541034,948.254971,651.362198,2611.212697,11083.82219,3743.725078,3521.531181,0,1419.009162,1326.835188,1144.153357,1307.904348,1520.689237,6036.706008,5871.906244,19908.87671,3819.428184,9243.613769,1140.57469,3883.253308,1970.424194,12474.62679,12120.46723,11338.33131,8601.827664,13293.82284,16917.4176,3678.621926,11774.91197,12348.85734,1981.819785,7821.527871,8790.497007,10837.74378,6167.237511,1059.684137,1243.857582,11882.34184,2314.802387,7214.541946,778.100961,13037.59544
"Hong Kong",2889.825099,3355.431204,1230.666471,16964.30068,14154.09763,8154.503656,4302.346119,1968.864364,2437.289274,2493.128855,12982.87439,4773.340787,18465.18504,1109.07362,8031.838662,2646.311843,1114.225199,11851.25259,17738.21001,1887.093074,11108.00748,127.892605,11670.97152,7152.131148,37.5852,4061.776928,4002.392796,9646.601952,16899.01915,3240.995172,3735.867946,18377.66398,1704.584934,2092.842872,2631.871201,3773.930982,9640.303023,6188.197994,12555.48795,1366.753758,1173.810957,914.684957,1505.469617,11503.51974,4260.506161,2508.053399,1419.009162,0,92.776623,1066.825793,134.32988,2330.863236,6821.800298,6859.107945,18685.79144,4265.062251,10554.38935,1186.763189,4216.188093,2837.898129,13439.27799,13090.08413,12574.50446,8762.843182,14468.48204,17745.92486,2572.185835,13042.81386,13498.04945,2024.665932,8531.164686,10083.78955,10718.66063,7547.342747,1642.800175,1974.386132,13131.09498,1982.398594,8236.870899,1615.332933,13757.1716
"Dongguan",2874.441733,3299.764198,1188.321843,16875.1067,14116.86032,8081.01962,4257.516457,1890.773912,2385.771228,2475.575162,12905.06871,4714.775405,18520.90151,1019.985374,7948.490164,2598.28132,1204.004775,11790.64659,17704.57429,1811.219015,11067.68687,48.652764,11637.52723,7061.155375,56.597872,3991.560292,3975.205452,9555.689372,16831.33434,3310.998824,3711.0112,18348.69528,1714.350552,2047.224631,2614.74665,3736.073714,9548.528006,6112.255746,12488.25235,1279.346155,1114.038585,833.302395,1554.62604,11468.3536,4207.037019,2554.975282,1326.835188,92.776623,0,1022.281769,65.691156,2267.247551,6758.605025,6784.969559,18777.80074,4215.607472,10465.31107,1139.711815,4173.080367,2775.12318,13387.09773,13037.12707,12500.13806,8740.303847,14400.49733,17699.49451,2628.392922,12966.01349,13431.36816,2001.960306,8474.340514,9995.46832,10717.39999,7455.14698,1580.131303,1910.557883,13055.95773,1965.736869,8161.942518,1540.604667,13723.89939
"Hangzhou",1924.57396,3866.117557,167.7548,16550.47262,13095.45837,8303.824328,4905.950508,1126.528224,3031.449491,1522.321229,12016.84437,5210.005695,19505.68566,1315.696558,7969.819042,3265.328006,1735.492469,12162.54784,18210.70795,1018.690323,11682.46573,1045.222308,10619.35688,6834.600681,1055.3748,4349.73405,4767.661096,9298.621694,15861.91781,4268.918551,4522.71241,17330.93108,2701.356618,1026.058749,1660.776613,4454.574545,9238.881627,6322.411343,11525.0034,1544.54863,238.096115,560.947624,2572.283934,12128.4225,4771.174262,3574.662602,1144.153357,1066.825793,1022.281769,0,1064.575891,1314.0272,7158.686338,7015.879695,18946.20328,4820.817692,10278.85738,123.556588,4838.700836,1809.22282,12373.9204,12025.37364,11582.9377,9523.759183,13438.30453,18055.71491,3635.281839,12068.17364,12464.08992,1035.135637,8934.559036,9842.972928,11623.08177,7137.852204,646.105385,968.911038,12143.53794,2858.149319,8357.848593,767.157396,12705.43077
"Foshan",2929.402152,3235.402191,1231.518117,16831.99378,14159.98784,8022.74826,4191.955672,1901.629302,2320.737529,2529.809781,12914.10269,4651.041566,18487.40504,977.449941,7897.511317,2532.901014,1246.283712,11727.50295,17638.94606,1824.972217,11002.00526,20.596547,11683.04865,7022.473097,98.316626,3931.610221,3910.22239,9516.762283,16850.84681,3293.789866,3646.316774,18394.89926,1659.247623,2087.201463,2669.101306,3670.400703,9512.500637,6055.382764,12509.07138,1233.665795,1145.168159,841.939393,1521.088948,11402.72386,4142.338769,2518.877027,1307.904348,134.32988,65.691156,1064.575891,0,2293.337148,6696.117875,6727.041877,18795.67995,4150.400359,10422.13942,1180.086401,4107.445722,2801.639562,13420.51626,13070.01203,12513.40595,8675.793233,14420.32829,17634.17187,2599.086954,12976.31055,13452.6098,2054.266662,8410.296775,9950.940659,10657.39151,7421.142669,1607.80665,1936.778819,13068.26033,1902.604593,8104.480892,1556.105038,13769.31684
"Shenyang",1569.388199,4299.353678,1183.999046,15430.50241,11945.91179,8020.51841,5371.499041,625.820639,3652.431137,1317.126456,10702.94526,5444.594517,19189.5202,2036.932745,7449.888393,3885.829636,3023.490634,11932.71471,17590.1585,607.850049,11829.94242,2276.948056,9516.930636,6070.404822,2311.21263,4468.753336,5450.770587,8429.373464,14569.2459,5567.57427,5247.412215,16160.19837,3796.115218,564.061483,1387.660272,5046.931224,8318.82662,6111.835699,10226.22817,2127.013344,1158.821727,1491.74661,3810.027719,12334.1646,5128.85395,4797.947527,1520.689237,2330.863236,2267.247551,1314.0272,2293.337148,0,7159.007861,6797.653454,18470.15356,5231.454126,9456.710337,1192.09108,5332.587171,508.425491,11139.06448,10786.90166,10270.02818,10029.34352,12139.82363,17305.68704,4891.817814,10754.16127,11168.04629,1100.325387,8947.17963,9067.463379,12327.09288,6264.378941,688.206797,356.690441,10830.28404,3800.641489,8038.099928,796.878191,11585.90025
"Riyadh",8710.250348,3492.68335,7253.242232,10504.50837,13896.81086,1640.492423,2767.76961,6610.378907,4420.500841,8389.378005,10533.51938,2072.220137,12858.04848,5891.844652,2448.922138,4244.358205,7782.087042,5036.105542,11070.2118,6689.151315,4675.435048,6710.235163,13312.97698,3527.614584,6790.922839,2809.832341,3493.236735,4687.999862,12854.92749,7337.295909,3743.97649,13965.59424,5757.048221,7565.201883,8493.276625,3379.771193,4946.819378,1300.900669,11274.18663,5636.764685,6982.346076,6606.96608,6493.461804,5192.868058,2635.550539,6347.543408,6036.706008,6821.800298,6758.605025,7158.686338,6696.117875,7159.007861,0,985.2578,13938.70831,2699.97422,4968.689016,7172.209742,2883.564567,7326.591421,12751.0958,12570.14368,10659.79914,3577.202011,12035.20568,10982.32944,6648.746088,10660.98065,11734.33848,7984.707957,1793.495935,4495.513195,5975.549962,4113.745915,7026.490733,7068.785238,10859.71865,5194.825146,1798.849158,6717.748493,14039.71067
"Baghdad",8367.037729,3700.780147,7085.658822,10271.32128,13011.6577,1297.529849,3237.285364,6306.902899,4589.78998,8086.37335,9664.039205,2400.332129,13083.05144,5834.023321,1611.242283,4456.001856,7900.788731,5169.605765,11195.15617,6398.54674,5173.47006,6738.283218,12328.04459,2544.090177,6824.952633,2812.995212,4051.325446,3867.859052,12318.20514,7881.277702,4266.77673,13653.71795,6051.697335,7261.345387,8174.956911,3822.380378,4095.73408,695.292501,10347.68931,5567.961118,6814.8072,6490.209767,6790.958167,5715.857592,2980.492874,6810.600289,5871.906244,6859.107945,6784.969559,7015.879695,6727.041877,6797.653454,985.2578,0,14086.76674,3104.677922,4303.028163,7008.383645,3355.941064,6887.57664,11840.22397,11641.72484,9753.966997,4476.777568,11235.04214,11057.57236,7118.585117,9790.874765,10858.48335,7728.679815,2304.612153,3807.365786,6809.80283,3128.650463,6778.447734,6765.035565,9988.380239,5472.297423,1379.938299,6473.692308,13122.17457
"Santiago",17237.42112,17142.55382,18861.701,4296.07329,6581.880198,12796.60044,16076.46101,19055.23028,17883.04948,17616.46473,8212.815546,15854.22214,1131.4676,19505.06201,13088.07369,17646.31642,17618.28633,8942.184633,2893.639335,19072.90403,9373.85503,18800.63843,8975.757779,14113.38355,18721.20435,16743.94109,16086.39657,11622.79192,4225.696972,15621.40641,16301.39644,2456.332732,17669.57116,18362.75045,17490.11973,16462.73659,11648.3255,14779.41178,8518.594406,19433.38314,19132.61638,19452.41684,17477.65543,8910.340344,16258.05125,16560.70954,19908.87671,18685.79144,18777.80074,18946.20328,18795.67995,18470.15356,13938.70831,14086.76674,0,16187.00666,10680.86713,18942.44794,16130.41059,18005.57129,7465.806728,7819.986369,8581.327282,11412.11737,6629.276578,3034.230702,16407.35933,8142.206034,7576.89394,18076.50719,12156.9296,11136.04161,9189.408236,13749.66103,18976.7191,18765.31594,8036.130275,17744.784,12739.29775,19239.80458,6922.351912
"Surat",6626.22809,957.122241,4948.963289,13202.21858,15432.96099,4264.126679,232.014816,4611.165692,1830.754803,6249.478134,12344.96623,708.716749,15055.87353,3505.191452,4661.84087,1619.181632,5137.086775,7626.123741,13510.81044,4655.15763,6875.546565,4167.129563,13778.77638,4814.492064,4238.62639,1157.176877,1043.612745,6846.992483,15419.50505,4781.046166,1197.24823,16665.55919,3058.539648,5483.334663,6375.458274,718.280261,7017.817152,2630.166386,12738.99584,3288.538413,4695.072716,4262.337141,3793.686131,7308.841892,204.556489,3708.679549,3819.428184,4265.062251,4215.607472,4820.817692,4150.400359,5231.454126,2699.97422,3104.677922,16187.00666,0,7395.031283,4866.798288,312.524765,5562.359811,14223.78882,13934.93411,12286.28274,4798.762042,14054.37893,13484.02822,4016.042026,12464.51772,13463.08008,5784.999785,4291.414705,6895.073794,7131.81149,5436.120408,4878.728814,5027.047123,12649.50883,2502.54744,4396.097134,4587.968677,15353.71745
"Madrid",10785.25553,7868.804269,10273.20545,6409.912618,9085.039797,3353.766042,7537.789995,9239.657668,8667.173775,10697.86678,5783.306381,6686.503164,10027.86434,9445.399994,2740.51805,8585.129222,11668.42072,3829.136112,8139.189772,9352.49657,5320.728288,10426.54305,9385.556865,3444.421359,10516.89806,6875.845798,8353.917849,1049.923194,8025.240655,12175.78179,8568.803745,9503.925677,10193.75239,10019.80764,10717.5996,8112.959741,1261.818583,4784.943332,6745.736292,9189.140826,10042.04181,9889.543666,10908.50765,5724.808221,7255.948866,11076.03315,9243.613769,10554.38935,10465.31107,10278.85738,10422.13942,9456.710337,4968.689016,4303.028163,10680.86713,7395.031283,0,10217.24183,7656.111763,9258.575026,8065.600178,7977.560809,6053.444887,6831.338259,7107.673564,7876.500256,11384.49033,5907.946736,6961.890889,10556.70618,4451.354222,502.618357,8066.056246,3192.672694,9790.226425,9613.574243,6103.300917,9618.953389,3183.370862,9547.479176,9326.021806
"Suzhou",1840.356292,3910.539796,82.481334,16462.06973,12980.35516,8292.77837,4957.444531,1031.113592,3090.246204,1439.648392,11895.03301,5240.480912,19627.93419,1364.371344,7935.24332,3325.418463,1849.166674,12163.74886,18200.97374,920.929618,11718.15964,1161.024803,10506.67187,6774.107346,1174.300907,4365.905646,4839.449929,9230.926679,15738.497,4392.458934,4597.809605,17217.17981,2807.680807,907.520159,1576.857952,4516.790335,9165.797091,6313.962595,11401.44684,1581.260046,193.645164,607.080289,2691.876119,12170.23727,4811.920283,3693.771331,1140.57469,1186.763189,1139.711815,123.556588,1180.086401,1192.09108,7172.209742,7008.383645,18942.44794,4866.798288,10217.24183,0,4892.690076,1686.078809,12252.94588,11904.14667,11460.15806,9587.855503,13314.75142,18026.5513,3756.800742,11945.98831,12340.55046,952.935808,8952.799779,9785.666803,11706.78764,7067.018566,530.984871,849.226933,12020.85247,2949.407696,8343.4006,681.228717,12592.38579
"Pune",6682.35629,1034.681525,4974.148014,13359.79428,15741.56291,4479.396253,118.914957,4708.162506,1812.006294,6298.134395,12655.69216,986.884416,15004.68956,3528.519501,4930.779517,1584.265198,5036.44513,7730.597575,13537.34512,4744.750451,6895.867543,4125.08575,14044.50841,5124.067065,4191.935356,1441.54623,737.446444,7131.602888,15673.18227,4525.773882,914.681692,16827.3563,2908.951568,5552.210483,6427.358467,497.947258,7308.707685,2910.810865,13050.56194,3327.885993,4727.793232,4285.713282,3633.535842,7310.045189,513.804055,3478.684383,3883.253308,4216.188093,4173.080367,4838.700836,4107.445722,5332.587171,2883.564567,3355.941064,16130.41059,312.524765,7656.111763,4892.690076,0,5686.269066,14533.66434,14242.92451,12598.7762,4718.630979,14361.92793,13529.92553,3783.863844,12775.48538,13775.4638,5825.666938,4400.845513,7157.890748,7003.235521,5746.69614,4941.651001,5109.734657,12960.84146,2373.924806,4617.710438,4658.927296,15655.07687
"Harbin",1569.773061,4652.017656,1670.141603,15049.09334,11449.32776,8068.628216,5716.530612,1053.452235,4064.8258,1439.58866,10214.4743,5717.703737,18696.24075,2508.766101,7407.257068,4293.972584,3493.20876,11956.64838,17323.04617,1069.809268,11999.42165,2785.187462,9032.687958,5935.192734,2818.69016,4722.560742,5854.426626,8218.004101,14063.48398,6071.962928,5663.487624,15655.48069,4293.194557,912.199258,1463.113528,5431.317137,8083.720367,6215.163189,9721.29464,2574.270843,1664.653828,1997.556915,4318.392265,12519.37971,5445.479351,5305.518782,1970.424194,2837.898129,2775.12318,1809.22282,2801.639562,508.425491,7326.591421,6887.57664,18005.57129,5562.359811,9258.575026,1686.078809,5686.269066,0,10631.94445,10279.57915,9774.687079,10342.94394,11635.01787,17013.162,5400.232948,10263.17799,10662.48657,1389.971599,9098.147882,8894.172147,12689.08094,6072.640567,1195.209618,864.860819,10335.68246,4275.442794,8071.38183,1291.77048,11095.03764
"Houston",10751.80352,13960.83405,12212.77681,6134.397929,1215.36781,11305.11434,14451.10295,11618.89912,14052.71412,11101.90058,2282.513116,13667.31893,8113.06936,13039.57736,10303.78393,14192.57481,13743.94409,10500.06058,8049.147896,11668.54091,12246.30805,13402.82333,2211.483964,9534.11243,13425.24446,13129.72351,15214.67585,8099.26163,3574.443839,16515.2519,15243.07261,5028.897715,14879.39102,11349.79816,10975.65324,14734.71709,7818.816823,11969.76525,1509.989766,13008.22449,12275.42654,12629.20524,14941.44248,12290.8931,14020.28172,15936.51771,12474.62679,13439.27799,13387.09773,12373.9204,13420.51626,11139.06448,12751.0958,11840.22397,7465.806728,14223.78882,8065.600178,12252.94588,14533.66434,10631.94445,0,354.181824,2091.37644,14648.0998,1556.90054,7784.221389,16008.00722,2157.654267,1126.303243,11506.57676,12510.58188,8459.595169,14494.22706,8900.377231,11817.04887,11493.10118,1962.70129,14704.34881,11127.02575,11915.66763,1290.110744
"Dallas",10418.7443,13640.70876,11864.7351,6398.28397,1499.375162,11166.33508,14163.94514,11265.03988,13711.11251,10765.17189,2212.473694,13396.8728,8462.865018,12685.4305,10130.24072,13854.60672,13412.79249,10573.19443,8364.093618,11314.97627,12336.24838,13052.41639,1999.366933,9290.954917,13075.68835,12828.05521,14911.8414,7953.486052,3907.415371,16187.4034,14929.3784,5382.419394,14525.22397,11001.97127,10639.98816,14426.32751,7663.022046,11739.82246,1295.957584,12654.68121,11924.8491,12276.61623,14591.08453,12411.89951,13730.77195,15584.7366,12120.46723,13090.08413,13037.12707,12025.37364,13070.01203,10786.90166,12570.14368,11641.72484,7819.986369,13934.93411,7977.560809,11904.14667,14242.92451,10279.57915,354.181824,0,1940.203438,14657.09616,1783.731836,8093.502133,15660.3697,2093.453448,1157.663523,11165.36964,12428.90939,8353.59673,14677.53364,8657.930971,11465.64625,11141.20048,1908.437743,14352.89695,10988.2564,11562.56022,1486.790789
"Toronto",10369.74593,12181.70175,11444.41551,5907.161138,3263.457191,9228.040756,12504.79011,10612.08264,12473.67315,10638.73012,555.185894,11678.95947,8922.297192,11874.83021,8212.436316,12563.42524,13231.33496,8937.573721,8232.77791,10689.03344,10718.04575,12500.08084,3502.562215,7507.580685,12549.82659,11260.36812,13316.35164,6016.467221,4356.387967,15800.05517,13396.43512,6171.29509,13633.88826,10628.29013,10537.76048,12871.38487,5730.75199,9911.40798,705.24048,11769.19049,11422.15829,11671.84978,13949.42621,10892.71026,12087.73454,14818.57665,11338.33131,12574.50446,12500.13806,11582.9377,12513.40595,10270.02818,10659.79914,9753.966997,8581.327282,12286.28274,6053.444887,11460.15806,12598.7762,9774.687079,2091.37644,1940.203438,0,12819.15653,1985.268945,7912.710829,15008.94763,536.137211,1180.200807,10936.86758,10501.29352,6418.083827,13322.36981,6875.773613,10952.47728,10621.05584,562.119649,13295.02712,9049.913477,10959.64522,3380.948747
"Dar es Salaam",11398.07525,5741.173731,9667.90732,9645.311179,15330.03633,4169.58198,4668.70983,9409.895983,6499.586432,11009.94591,12458.18794,4642.960441,10289.06809,8230.455818,5399.729397,6263.465417,9320.73658,4246.474349,8987.535917,9453.335389,2669.312329,8695.397929,16214.41015,6934.803688,8746.19051,5649.328454,4770.227594,7139.047395,12656.07544,7459.464801,5029.959893,12682.75073,7155.025183,10270.71131,11141.09742,5071.271679,7473.829941,4874.024084,13523.73047,8041.777342,9431.251037,8982.156887,7715.405485,2880.084161,4902.120449,7022.498827,8601.827664,8762.843182,8740.303847,9523.759183,8675.793233,10029.34352,3577.202011,4476.777568,11412.11737,4798.762042,6831.338259,9587.855503,4718.630979,10342.94394,14648.0998,14657.09616,12819.15653,0,13292.7573,9056.065012,7225.37835,12572.49619,13528.41099,10532.15695,2582.721961,6542.009658,2453.290192,7439.601332,9660.223729,9823.29788,12752.00791,6782.55093,4323.668469,9376.842374,15722.85797
"Miami",12015.85464,14077.35586,13289.31735,4621.825817,2069.947369,10455.59968,14257.03229,12529.98001,14438.21257,12332.1838,1752.39006,13395.11325,7065.431597,13839.11604,9629.132119,14514.61224,14988.26292,9067.31094,6684.889124,12599.55941,10775.50837,14405.47681,3764.318623,9241.993764,14447.02572,13112.7763,15097.97177,7369.24251,2430.83717,17706.85212,15221.64722,4197.012743,15616.77021,12444.28445,12216.49645,14696.76216,7142.007166,11521.37242,1913.728061,13744.04499,13298.64536,13585.05848,15897.01857,10780.50023,13866.06834,16797.08577,13293.82284,14468.48204,14400.49733,13438.30453,14420.32829,12139.82363,12035.20568,11235.04214,6629.276578,14054.37893,7107.673564,13314.75142,14361.92793,11635.01787,1556.90054,1783.731836,1985.268945,13292.7573,0,6395.684476,16972.44444,1645.805594,975.629761,12687.94587,11429.332,7557.764514,12938.81592,8625.731896,12827.85096,12495.58188,1488.215896,15278.01631,10282.20345,12865.51643,2431.187271
"Belo Horizonte",18218.71399,14405.85164,18095.4853,2092.502712,7424.690746,9764.460725,13443.6014,17109.71227,15314.36063,18365.58782,7392.836817,13000.3268,2165.296237,16869.84678,10091.4616,15101.29422,18326.10788,5948.413136,337.57385,17221.50195,6642.176866,17651.06883,9870.980093,11302.31228,17720.98011,13783.58595,13774.43231,8890.930345,4268.621152,15714.48105,14048.03351,3638.33685,16210.97793,17867.42021,18313.36589,13976.43531,8990.551006,11748.26278,8186.583874,16609.47842,17835.94232,17547.29045,16725.03066,6260.692949,13495.90812,15864.73327,16917.4176,17745.92486,17699.49451,18055.71491,17634.17187,17305.68704,10982.32944,11057.57236,3034.230702,13484.02822,7876.500256,18026.5513,13529.92553,17013.162,7784.221389,8093.502133,7912.710829,9056.065012,6395.684476,0,15963.29495,7380.618372,7328.77872,18394.09351,9240.013137,8287.519597,7314.678682,11060.88185,17657.75909,17489.09154,7367.341403,15813.75919,9705.21366,17394.30436,7874.180198
"Singapore",5312.227843,3540.144062,3795.638175,16845.09053,16622.29579,8262.003988,3902.398569,4459.306923,2864.680715,4942.607988,15343.0566,4718.254387,15893.46041,3135.233435,8644.122821,2880.849567,2390.302518,11152.94891,15764.20283,4396.172758,9863.609979,2615.908673,14132.33479,8414.17149,2587.883248,4556.179442,3161.145874,10734.06317,19307.09202,886.80688,2904.881583,18818.77352,1428.285934,4658.424561,5074.223374,3301.278116,10849.1784,6599.822795,15079.43458,3242.465756,3742.422169,3415.470966,1085.676146,10104.58207,4139.414218,308.587944,3678.621926,2572.185835,2628.392922,3635.281839,2599.086954,4891.817814,6648.746088,7118.585117,16407.35933,4016.042026,11384.49033,3756.800742,3783.863844,5400.232948,16008.00722,15660.3697,15008.94763,7225.37835,16972.44444,15963.29495,0,15424.1267,16022.71304,4516.755591,7970.077118,10882.05281,8669.75424,8959.656064,4206.892727,4535.47232,15544.27196,1903.330493,8401.537811,4136.373727,16188.73745
"Philadelphia",10895.37138,12438.11124,11933.18563,5371.081173,3236.89691,9167.057132,12675.55448,11075.33302,12796.11131,11158.73357,127.523963,11828.63055,8436.220185,12301.49259,8215.022636,12869.3244,13734.74253,8578.951398,7701.925477,11155.72301,10358.77321,12963.72668,3852.373214,7653.889803,13016.88112,11485.38298,13505.3052,5978.528176,3920.305412,16244.22599,13609.49265,5763.583645,14024.56836,11126.8724,11059.70539,13083.03994,5714.242857,10004.14475,1071.72758,12182.55046,11900.82428,12134.46712,14383.44241,10501.66627,12270.81072,15215.32581,11774.91197,13042.81386,12966.01349,12068.17364,12976.31055,10754.16127,10660.98065,9790.874765,8142.206034,12464.51772,5907.946736,11945.98831,12775.48538,10263.17799,2157.654267,2093.453448,536.137211,12572.49619,1645.805594,7380.618372,15424.1267,0,1074.138408,11447.84041,10354.416,6305.020215,12901.67525,7028.976327,11432.86173,11102.63396,198.981748,13653.089,8989.359717,11427.76653,3427.894543
"Atlanta",11053.3011,13357.26022,12314.49081,5476.91316,2162.906979,10238.68164,13680.21771,11568.10365,13619.19539,11363.91492,1201.660154,12848.0961,8039.239456,12900.27054,9287.500771,13719.01393,14016.83274,9416.252793,7625.984694,11635.35393,11178.60135,13437.42752,3115.393065,8672.395206,13477.21118,12440.44396,14495.26517,7052.666463,3401.205575,16733.00808,14576.62031,5130.10387,14703.61478,11468.71741,11249.84931,14051.58282,6787.522535,11053.61031,944.140061,12818.23091,12326.74898,12620.20237,14940.72234,11259.40357,13265.26987,15867.01635,12348.85734,13498.04945,13431.36816,12464.08992,13452.6098,11168.04629,11734.33848,10858.48335,7576.89394,13463.08008,6961.890889,12340.55046,13775.4638,10662.48657,1126.303243,1157.663523,1180.200807,13528.41099,975.629761,7328.77872,16022.71304,1074.138408,0,11714.54386,11397.11748,7368.763219,13559.48803,8042.415883,11856.22851,11524.13929,875.173622,14406.72099,10061.139,11899.70479,2364.411573
"Fukuoka",889.438324,4828.004947,876.811041,16427.7947,12145.66751,8986.475516,5886.085484,1432.048088,4032.583322,487.343774,11412.73859,6118.927034,19201.8131,2301.731575,8495.157078,4268.854936,2305.494776,12896.62165,18688.65001,1333.958507,12595.93423,2033.869418,9655.593298,7162.18299,2022.897421,5203.456883,5791.244495,9529.646641,15062.30259,5048.278574,5550.601462,16353.23891,3712.126941,536.93255,625.641692,5461.348702,9417.091335,7034.632153,10793.26039,2499.018804,1100.993119,1552.418954,3499.278154,13065.63963,5718.713276,4497.267162,1981.819785,2024.665932,2001.960306,1035.135637,2054.266662,1100.325387,7984.707957,7728.679815,18076.50719,5784.999785,10556.70618,952.935808,5825.666938,1389.971599,11506.57676,11165.36964,10936.86758,10532.15695,12687.94587,18394.09351,4516.755591,11447.84041,11714.54386,0,9776.718038,10164.76905,12657.82655,7364.565914,958.668669,987.914406,11498.08272,3892.511999,9018.665373,1267.375233,11740.02275
"Khartoum",10502.24229,5175.838061,9034.322439,8989.096423,13474.53491,1612.355588,4297.325885,8403.277772,6098.426265,10182.86897,10230.74546,3760.946633,11067.70851,7651.051328,2843.194623,5901.194717,9427.860121,3334.736444,9308.196922,8482.519193,2904.213309,8425.696631,13708.2101,4480.886178,8502.367917,4587.031156,4863.859727,4602.929213,11650.50039,8522.179491,5140.912022,12441.50962,7304.967602,9358.536279,10286.51,4890.260473,4929.837186,2917.168261,11187.97858,7401.423139,8764.37002,8378.886459,8017.850099,3435.721603,4275.306162,7689.477678,7821.527871,8531.164686,8474.340514,8934.559036,8410.296775,8947.17963,1793.495935,2304.612153,12156.9296,4291.414705,4451.354222,8952.799779,4400.845513,9098.147882,12510.58188,12428.90939,10501.29352,2582.721961,11429.332,9240.013137,7970.077118,10354.416,11397.11748,9776.718038,0,4089.004276,4639.944442,4927.358288,8818.885023,8861.930453,10548.21367,6774.496856,1754.537164,8510.193702,13753.34491
"Barcelona",10438.84132,7366.58288,9844.048371,6881.877903,9508.783893,2898.111487,7039.713072,8822.849969,8168.023379,10329.78317,6178.993027,6186.425528,10447.74981,8975.613445,2238.331516,8084.177329,11196.81477,3873.405271,8539.614738,8935.075918,5236.350293,9955.896987,9674.263277,3015.37301,10046.38629,6374.883667,7858.679887,829.035327,8525.977245,11675.25789,8071.212314,10004.22545,9693.541421,9628.225651,10356.98955,7612.782352,1136.9193,4282.713902,7100.313714,8717.293444,9607.311802,9438.951217,10410.00747,5676.622326,6754.810143,10573.61617,8790.497007,10083.78955,9995.46832,9842.972928,9950.940659,9067.463379,4495.513195,3807.365786,11136.04161,6895.073794,502.618357,9785.666803,7157.890748,8894.172147,8459.595169,8353.59673,6418.083827,6542.009658,7557.764514,8287.519597,10882.05281,6305.020215,7368.763219,10164.76905,4089.004276,0,7938.637542,2823.795048,9372.313043,9208.608944,6502.245152,9118.17474,2724.438935,9121.595632,9731.890227
"Johannesburg",13546.87987,8037.828844,11781.39171,8500.857698,14584.52268,6230.421469,6972.816724,11701.27783,8693.719884,13145.16875,12820.28055,7058.83535,8106.051915,10399.29936,7436.362356,8457.231223,11012.30856,4479.007188,7158.266273,11729.42996,2767.566152,10677.91713,16672.8422,9119.570835,10710.24495,8064.905229,6898.429285,8690.968483,11444.00442,8600.646162,7123.499177,10886.41874,9021.20772,12487.20803,13283.16784,7282.074515,9031.144705,7275.877182,13972.51277,10246.98356,11574.90461,11120.20249,9429.589536,2469.327475,7259.044265,8551.999685,10837.74378,10718.66063,10717.39999,11623.08177,10657.39151,12327.09288,5975.549962,6809.80283,9189.408236,7131.81149,8066.056246,11706.78764,7003.235521,12689.08094,14494.22706,14677.53364,13322.36981,2453.290192,12938.81592,7314.678682,8669.75424,12901.67525,13559.48803,12657.82655,4639.944442,7938.637542,0,9540.196595,11873.46971,12080.88808,13029.94931,8771.851716,6351.947763,11613.91774,15047.05083
"Saint Petersburg",7615.116936,5515.21212,7117.86097,9457.050264,10110.80171,3317.809227,5646.620445,6068.000268,6094.975822,7510.272025,6908.998974,4805.749817,13197.65109,6453.573188,2104.254382,6091.192393,8649.227894,6352.090418,11329.44313,6181.324912,7243.272824,7421.989367,9199.42027,633.751108,7509.950013,4512.34387,6478.312205,2170.451159,10361.76118,9838.883736,6596.099068,12124.00938,7584.647743,6827.752532,7534.742537,6071.914313,2104.385614,3090.854378,7390.531182,6216.848648,6899.771257,6795.636004,8216.294957,7771.482423,5243.914625,8670.732648,6167.237511,7547.342747,7455.14698,7137.852204,7421.142669,6264.378941,4113.745915,3128.650463,13749.66103,5436.120408,3192.672694,7067.018566,5746.69614,6072.640567,8900.377231,8657.930971,6875.773613,7439.601332,8625.731896,11060.88185,8959.656064,7028.976327,8042.415883,7364.565914,4927.358288,2823.795048,9540.196595,0,6618.325399,6428.293932,7215.250567,7060.27536,3189.408102,6389.359976,10142.13058
"Qingdao",1748.406849,3925.4084,546.148858,15959.83325,12598.505,8043.852946,4994.148476,550.719407,3184.095188,1382.893814,11379.42892,5179.493017,19814.14272,1479.588884,7601.08287,3421.341201,2380.050697,11948.01389,17886.3138,437.732589,11647.99674,1591.038563,10149.21806,6356.974199,1623.482144,4250.871851,4975.192497,8787.824042,15257.43281,4879.746501,4752.209069,16827.68431,3149.915079,614.613204,1502.303533,4608.327116,8707.794233,6083.65108,10914.31285,1628.974926,471.036002,832.362809,3127.231213,12125.47837,4800.451429,4119.566525,1059.684137,1642.800175,1580.131303,646.105385,1607.80665,688.206797,7026.490733,6778.447734,18976.7191,4878.728814,9790.226425,530.984871,4941.651001,1195.209618,11817.04887,11465.64625,10952.47728,9660.223729,12827.85096,17657.75909,4206.892727,11432.86173,11856.22851,958.668669,8818.885023,9372.313043,11873.46971,6618.325399,0,332.409875,11512.01349,3205.729976,8081.340259,308.759537,12227.53819
"Dalian",1646.171109,4082.337612,850.390357,15697.93626,12289.6402,8012.088231,5155.338172,459.928158,3388.74075,1325.156893,11049.95957,5283.979398,19526.36488,1726.867438,7507.410741,3624.596865,2694.05487,11925.99547,17747.85297,382.374718,11721.25515,1920.33764,9851.122344,6197.611902,1954.588756,4329.054335,5187.356088,8598.441654,14925.33915,5212.10601,4974.3974,16510.84808,3453.789445,498.020197,1424.636218,4800.528039,8504.197716,6073.17891,10582.09238,1842.485906,803.445488,1141.485632,3454.175315,12212.50164,4936.15963,4443.536607,1243.857582,1974.386132,1910.557883,968.911038,1936.778819,356.690441,7068.785238,6765.035565,18765.31594,5027.047123,9613.574243,849.226933,5109.734657,864.860819,11493.10118,11141.20048,10621.05584,9823.29788,12495.58188,17489.09154,4535.47232,11102.63396,11524.13929,987.914406,8861.930453,9208.608944,12080.88808,6428.293932,332.409875,0,11180.81732,3480.05078,8040.05114,476.525043,11924.75706
"Washington D.C.",10924.26218,12608.8495,12005.58707,5381.057513,3037.984179,9365.716031,12861.71261,11166.63986,12950.014,11196.9605,326.493077,12017.22702,8361.591737,12414.33616,8413.541888,13028.03873,13793.34892,8734.590178,7684.979912,11244.7447,10512.75481,13055.17835,3703.082848,7841.351131,13106.02735,11662.07026,13689.19377,6177.497508,3810.572304,16349.33668,13789.45853,5640.606788,14154.9135,11190.36236,11094.93028,13262.95712,5912.939259,10198.08232,961.186219,12301.89741,11981.35763,12226.41462,14493.24199,10644.5482,12454.99344,15343.8586,11882.34184,13131.09498,13055.95773,12143.53794,13068.26033,10830.28404,10859.71865,9988.380239,8036.130275,12649.50883,6103.300917,12020.85247,12960.84146,10335.68246,1962.70129,1908.437743,562.119649,12752.00791,1488.215896,7367.341403,15544.27196,198.981748,875.173622,11498.08272,10548.21367,6502.245152,13029.94931,7215.250567,11512.01349,11180.81732,0,13795.84895,9188.041072,11515.86006,3230.112042
"Yangon",4781.528828,1773.560584,3020.359956,15698.31464,15670.79566,6708.806068,2477.400045,3226.017254,971.832293,4378.940112,13559.03754,3134.454484,16815.1241,1766.704553,6901.128594,1034.239926,2670.487903,10104.16124,15768.02452,3206.205068,9183.715593,1922.722375,13305.27052,6524.553899,1967.513365,2743.341813,2039.807356,8893.724313,17408.75888,2788.631454,1765.787193,19120.13156,580.404474,3794.172446,4517.87608,1889.858801,8986.350272,4881.410731,13495.21419,1731.455105,2837.006467,2391.559628,1318.720054,9553.282777,2560.172829,1626.177588,2314.802387,1982.398594,1965.736869,2858.149319,1902.604593,3800.641489,5194.825146,5472.297423,17744.784,2502.54744,9618.953389,2949.407696,2373.924806,4275.442794,14704.34881,14352.89695,13295.02712,6782.55093,15278.01631,15813.75919,1903.330493,13653.089,14406.72099,3892.511999,6774.496856,9118.17474,8771.851716,7060.27536,3205.729976,3480.05078,13795.84895,0,6825.659597,3007.804492,15349.27956
"Alexandria",9599.185543,5061.380909,8418.830762,8898.947954,12215.68139,178.143655,4499.250176,7587.490443,5961.338169,9347.007039,8862.177626,3710.508197,11771.0604,7202.506781,1090.967015,5819.975245,9280.674573,3894.839897,9857.578167,7684.74631,4229.201758,8115.469443,12051.51198,2790.502601,8202.507147,4192.524544,5267.418353,3035.325807,11075.38138,9119.409737,5507.010722,12306.87501,7402.543759,8530.626333,9425.350611,5103.717049,3334.36823,2052.003574,9704.572083,6935.59206,8149.858048,7842.832498,8143.346975,4777.492619,4294.397696,8096.323994,7214.541946,8236.870899,8161.942518,8357.848593,8104.480892,8038.099928,1798.849158,1379.938299,12739.29775,4396.097134,3183.370862,8343.4006,4617.710438,8071.38183,11127.02575,10988.2564,9049.913477,4323.668469,10282.20345,9705.21366,8401.537811,8989.359717,10061.139,9018.665373,1754.537164,2724.438935,6351.947763,3189.408102,8081.340259,8040.05114,9188.041072,6825.659597,0,7781.334632,12412.60096
"Jinan",2045.496981,3637.341008,728.531928,15783.88414,12740.35485,7741.866956,4708.463682,368.743116,2920.203007,1687.15769,11368.68197,4876.707581,19550.44516,1250.724976,7317.158411,3156.723207,2474.106195,11643.2533,17606.75155,273.558727,11341.61478,1541.984412,10313.7391,6107.234765,1590.210452,3943.801139,4717.266502,8555.296584,15295.38638,4849.892622,4501.462283,16943.40342,3001.758774,895.366513,1803.740671,4337.700208,8486.47504,5778.683139,10955.74677,1369.341135,536.082063,721.144881,3050.856877,11821.08051,4505.406321,4026.382533,778.100961,1615.332933,1540.604667,767.157396,1556.105038,796.878191,6717.748493,6473.692308,19239.80458,4587.968677,9547.479176,681.228717,4658.927296,1291.77048,11915.66763,11562.56022,10959.64522,9376.842374,12865.51643,17394.30436,4136.373727,11427.76653,11899.70479,1267.375233,8510.193702,9121.595632,11613.91774,6389.359976,308.759537,476.525043,11515.86006,3007.804492,7781.334632,0,12382.42577
"Guadalajara",10905.66869,14955.12916,12538.09848,6548.447311,462.564357,12590.58239,15585.20973,12134.04369,14874.75756,11288.65281,3554.45634,14852.21632,7744.635652,13594.2058,11593.25497,15050.22206,13800.20449,11487.7159,8088.743965,12163.07369,13166.11004,13749.6881,2086.376233,10774.6507,13751.49964,14219.8829,16281.63807,9387.965447,3630.747411,16401.28241,16256.0535,4625.610987,15377.33916,11690.00733,11153.03695,15781.94715,9108.782168,13226.19201,2775.435622,13618.21396,12654.28772,13059.80697,15236.15831,13120.78959,15149.25261,16222.76366,13037.59544,13757.1716,13723.89939,12705.43077,13769.31684,11585.90025,14039.71067,13122.17457,6922.351912,15353.71745,9326.021806,12592.38579,15655.07687,11095.03764,1290.110744,1486.790789,3380.948747,15722.85797,2431.187271,7874.180198,16188.73745,3427.894543,2364.411573,11740.02275,13753.34491,9731.890227,15047.05083,10142.13058,12227.53819,11924.75706,3230.112042,15349.27956,12412.60096,12382.42577,0
