"","PC1","PC2","PC3","PC4","Cluster"
"Tokyo",-3.51325726905523,-1.40654443269763,-0.961093500580754,0.0176206395713992,1
"Delhi",-3.13025359059807,-1.59020701143354,0.519427044728562,-0.0629663831654479,1
"Shanghai",-3.28679345605924,-1.85803714332403,-0.666229442219518,0.0100005447789474,1
"Sao Paulo",-4.79575192869611,2.86727847815213,0.385607576372688,0.178436653393785,3
"Mexico City",-4.67910942029301,2.52864189218154,-1.05478550449716,0.0792581079146796,3
"Cairo",-3.27645602278986,0.0130014745580222,1.00188437672294,-0.493150962266215,2
"Mumbai",-3.20439528532329,-1.40017690822344,0.789897786615613,-0.0322013654024852,1
"Beijing",-3.16584209694737,-1.70751398791418,-0.587557718403936,-0.152549141222946,1
"Dhaka",-3.16631363251439,-1.78501657889079,0.295407073273521,0.0246755114623244,1
"Osaka",-3.4558816272015,-1.5304896984367,-0.912780635089977,0.0132112559991034,1
"New York City",-4.04971172847576,2.18002834242663,-0.632591914573851,-0.374034578346057,3
"Karachi",-3.14130893389118,-1.20321358627228,0.795055171016475,-0.183385371081461,1
"Buenos Aires",-5.61663599104413,3.13876499184768,0.553045651219903,0.842971107539566,3
"Chongqing",-3.17100755846231,-1.92222549362408,-0.258259158416258,-0.00707303729112524,1
"Istanbul",-3.20957429399925,0.066559670196021,0.78088485830087,-0.627281755782425,2
"Kolkata",-3.17436559033884,-1.75666792978669,0.366969093797959,0.0313061356881023,1
"Manila",-3.59087377327697,-1.89181889630093,-0.442129717379355,0.34608062958532,1
"Lagos",-3.91410775703317,1.17757002036988,1.13229433359391,-0.0815738884791315,2
"Rio de Janeiro",-5.18794709888512,2.93388618153344,0.720913746483275,0.580298908216291,3
"Tianjin",-3.17481383930658,-1.72894977645925,-0.604801467607484,-0.138734626905377,1
"Kinshasa",-3.966824200438,0.824857711775143,1.30244522331994,0.125479321406469,2
"Guangzhou",-3.30780357396598,-1.99471578743185,-0.372274012550777,0.157949584971556,1
"Los Angeles",-4.39292298610038,1.75074907485325,-1.25503604252058,-0.0106215625638652,3
"Moscow",-3.13596438391842,-0.124519941621978,0.40707264359583,-0.681861450524041,2
"Shenzhen",-3.32461703141831,-1.9934671867895,-0.381854426432281,0.171853786036871,1
"Lahore",-3.07023051670104,-1.34087821381671,0.553366475928861,-0.232242672621003,1
"Bangalore",-3.32104696247704,-1.52240818914182,0.760743253021945,0.124878388395086,1
"Paris",-3.37174078492656,0.745466342891485,0.490960906182107,-0.701044504940579,2
"Bogota",-4.9659615657358,3.09070871409704,-0.365332589581677,0.129843909706004,3
"Jakarta",-3.9497271046656,-1.72784630635884,0.223992710802253,0.688065067497309,1
"Chennai",-3.32316157673052,-1.58858003463217,0.702007326250061,0.146281878107699,1
"Lima",-5.41489228871357,3.29467677405666,-0.230019609871102,0.454396137287884,3
"Bangkok",-3.39664913584189,-1.94904668848877,0.135779246357494,0.285867208090437,1
"Seoul",-3.29789580292883,-1.65564993866708,-0.791433777155052,-0.0728563143187583,1
"Nagoya",-3.47290988069711,-1.48844793363477,-0.930734436819061,0.0128422640313596,1
"Hyderabad",-3.23226898852114,-1.55243092769402,0.694841245200693,0.0472131803330348,1
"London",-3.37663836842573,0.766533268400834,0.414705865887795,-0.70643932730312,2
"Tehran",-3.11054679577033,-0.636426125311077,0.796717747486939,-0.464030831125987,2
"Chicago",-4.09328937055605,2.08683148019376,-0.862899524895909,-0.31200774735623,3
"Chengdu",-3.14699869090011,-1.88660529934846,-0.198466099020334,-0.0374295660379216,1
"Nanjing",-3.24389973170413,-1.87642401150674,-0.612504281571791,-0.0150124762448083,1
"Wuhan",-3.21676389817868,-1.92285578991461,-0.486902069021932,0.000623262685211134,1
"Ho Chi Minh City",-3.51385393050416,-1.96079322580702,0.00486629498175606,0.380821565742499,1
"Luanda",-4.07734250058064,0.93650286915826,1.30336448179764,0.208160345397428,2
"Ahmedabad",-3.14867148892833,-1.37680731491054,0.739138430470761,-0.106093663329898,1
"Kuala Lumpur",-3.65852379582918,-1.86244024769105,0.248540707511049,0.504718875084784,1
"Xi'an",-3.14703277222509,-1.85379542797164,-0.372720583076339,-0.0903334222942945,1
"Hong Kong",-3.33242128836044,-1.99229472205946,-0.383978546478684,0.177882739814678,1
"Dongguan",-3.31394076834569,-1.99315399311301,-0.383981839302274,0.16114842944956,1
"Hangzhou",-3.2819854290422,-1.88624819439387,-0.628706115023926,0.0253024963563031,1
"Foshan",-3.30784892002423,-1.99545469533205,-0.366141675661833,0.159287499966502,1
"Shenyang",-3.22872497514101,-1.59429095408807,-0.723180217082929,-0.148660500766786,1
"Riyadh",-3.23690846097956,-0.51662599734319,1.02782494424742,-0.332406783158207,2
"Baghdad",-3.16018737729405,-0.425941225367887,0.898889297416081,-0.479651651784498,2
"Santiago",-5.71447247745492,3.20898280288176,0.24318496922322,0.864293678350119,3
"Surat",-3.17229078960902,-1.39304007522253,0.762747632609158,-0.0712313358179555,1
"Madrid",-3.50201560391607,1.01179612068089,0.595515995633693,-0.617028532333235,2
"Suzhou",-3.27436351516158,-1.86865178220043,-0.648599966968759,0.00597336851028341,1
"Pune",-3.2123983628786,-1.4288237478618,0.778631114301047,-0.0134444962810161,1
"Harbin",-3.25662397057149,-1.42972141635924,-0.75368453926912,-0.181717750046875,1
"Houston",-4.39219049925484,2.35973015994414,-1.01259864531256,-0.109441905338215,3
"Dallas",-4.33006055859461,2.25796105435139,-1.0303322222678,-0.139942862375813,3
"Toronto",-4.0203810268497,2.07208796133618,-0.725930532396367,-0.375671693925102,3
"Dar es Salaam",-3.84414687711694,-0.0671714893901237,1.32115679277246,0.232471922334356,2
"Miami",-4.42354829825742,2.60884864459362,-0.70670481493209,-0.15301478435708,3
"Belo Horizonte",-5.13562494110437,2.94424917629955,0.684453763738386,0.52611970525647,3
"Singapore",-3.72192983308075,-1.84842551278573,0.213367776032964,0.549862193366539,1
"Philadelphia",-4.06721873230419,2.20556885619685,-0.655796198238849,-0.363263291037356,3
"Atlanta",-4.24516064781625,2.37073694103387,-0.823116904426007,-0.239860435949094,3
"Fukuoka",-3.39033032780402,-1.66375247026947,-0.837344174018894,0.00688465630951489,1
"Khartoum",-3.46325617037007,0.0259061330505597,1.19589779897464,-0.231173645293629,2
"Barcelona",-3.43328064297728,0.842335618753992,0.637785432360366,-0.642408322991711,2
"Johannesburg",-4.32424733233965,0.52990499700856,1.30889738913452,0.543959402263827,2
"Saint Petersburg",-3.17661746296191,0.0486916680063265,0.313009561476572,-0.704200718940815,2
"Qingdao",-3.22528288883355,-1.78432636576115,-0.66902268028856,-0.0825432021497976,1
"Dalian",-3.21978808048739,-1.69945275445531,-0.696526765058594,-0.118835666260727,1
"Washington D.C.",-4.09695394630152,2.24083376453885,-0.690073062431023,-0.343713357316754,3
"Yangon",-3.30798168915208,-1.90175545541088,0.226399233084334,0.199590372033086,1
"Alexandria",-3.27509941487931,0.0536111233076967,0.981319181843253,-0.513209484389395,2
"Jinan",-3.18651241265554,-1.79541392807758,-0.595428031052141,-0.102888920729549,1
"Guadalajara",-4.6616120662823,2.41230745946059,-1.12490748932161,0.0912268430466493,3
